测试脚本名称,性能检查点, 标准时间,超时标准,超时上限,竞品值,容忍值,业务场景,实测值,结果
3W_立面视口激活下标注创建和编辑,立面视口激活,1.3,绝对值,1.4,0.5,,0,0.985,提升
3W_立面视口激活下标注创建和编辑,激活视口尺寸标注拾取一个节点,0.4,绝对值,0.5,0.2,,0,0.312,提升
3W_立面视口激活下标注创建和编辑,激活视口尺寸标注拾取二个节点,0.3,绝对值,0.4,0.2,,0,0.141,提升
3W_立面视口激活下标注创建和编辑,激活视口尺寸标注创建一个区间,0.0,绝对值,0.1,0.2,,0,0.016,正常
3W_立面视口激活下标注创建和编辑,激活视口尺寸标注创建,0.8,绝对值,0.9,0.5,,0,0.5,提升
3W_立面视口激活下标注创建和编辑,激活视口尺寸标注增删,0.2,绝对值,0.3,0.5,,0,0.234,正常
3W_立面视口激活下标注创建和编辑,激活视口尺寸选中高亮,0.0,绝对值,0.1,0.2,,0,0.016,正常
3W_立面视口激活下标注创建和编辑,激活视口尺寸移动一个节点,0.0,绝对值,0.1,0.2,,0,0.094,正常
3W_立面视口激活下标注创建和编辑,激活视口尺寸标注移动,0.2,绝对值,0.3,0.2,,0,0.141,提升
3W_立面视口激活下标注创建和编辑,激活视口尺寸标注文字移动一个节点,0.0,绝对值,0.1,0.2,,0,0.015,正常
3W_立面视口激活下标注创建和编辑,激活视口尺寸标注文字移动,0.1,绝对值,0.2,0.2,,0,0.093,提升
3W_立面视口激活下标注创建和编辑,立面视口取消激活,0.0,绝对值,0.1,0.5,,0,0.078,正常
3W_立面视口拖拽和夹点编辑,视口拖拽节点,0.0,绝对值,0.1,0.2,0.3,1,0.015,正常
3W_立面视口拖拽和夹点编辑,视口拖拽,1.0,绝对值,1.3,0.5,,0,1.343,衰退
3W_立面视口拖拽和夹点编辑,视口夹点编辑节点,0.0,绝对值,0.1,0.2,0.3,1,0.0,正常
3W_立面视口拖拽和夹点编辑,视口夹点编辑,0.3,绝对值,0.4,0.2,,0,0.204,提升
performance_导入cad图纸,导入图纸不替换文字,8.0,绝对值,9.0,1,,0,7.485,提升
performance_导入cad图纸,移动图纸1,1.2,绝对值,1.3,1,,0,1.125,提升
performance_导入cad图纸,复制图纸1,3.0,绝对值,3.5,1,,0,2.641,提升
performance_导入cad图纸,导入替换文字样式的图纸,8.0,绝对值,8.3,1,,0,6.562,提升
performance_导入cad图纸,移动图纸2,1.2,绝对值,1.3,1,,0,1.203,正常
performance_导入cad图纸,复制图纸2,1.5,绝对值,2.0,1,,0,1.609,正常
3W_出图设置,创建已打开平面视口,0.5,绝对值,0.6,1,3,1,0.328,提升
3W_出图设置,创建未打开平面视口,1.9,绝对值,2.0,1,3,1,0.954,提升
3W_出图设置,创建未打开立面视口,3.9,绝对值,4.0,3,10,1,1.484,提升
3W_出图设置,创建已打开立面平面视口,0.4,绝对值,0.5,1.93,3,1,0.344,提升
3W_出图设置,放置未打开明细表,0.5,绝对值,0.6,3,3,0,0.797,衰退
3W_出图设置,放置已打开明细表,0.5,绝对值,0.6,3,3,0,0.188,提升
3W_出图设置,视口夹点编辑,0.4,绝对值,0.5,1,1,0,0.282,提升
3W_出图设置,视口内创建,0.1,绝对值,0.2,0.5,1,0,0.109,正常
3W_出图设置,视口移动,0.0,绝对值,0.1,0.5,1,0,0.047,正常
3W_出图设置,导出图纸,51.0,相对值,0.05,15,60,1,47.735,提升
3W_参数修改及显示过滤,修改类型参数,0.0,绝对值,0.1,3.6,1,1,0.015,正常
3W_参数修改及显示过滤,切换类型,0.0,绝对值,0.1,2.77,1,1,0.0,正常
3W_参数修改及显示过滤,修改定位参数,0.0,绝对值,0.3,0.5,1,1,0.312,衰退
3W_参数修改及显示过滤,修改标识参数,0.0,绝对值,0.3,8.32,1,1,0.281,正常
3W_参数修改及显示过滤,框选所有,0.0,绝对值,0.3,1,0.3,1,0.188,正常
3W_参数修改及显示过滤,选择过滤,0.0,绝对值,1.0,1,0.3,1,0.687,正常
3W_参数修改及显示过滤,隐藏所选,0.0,绝对值,0.3,1,0.3,1,0.172,正常
3W_参数修改及显示过滤,重置隐藏,0.0,绝对值,0.3,1,0.3,1,0.109,正常
3W_参数修改及显示过滤,隐藏项目构件,0.0,绝对值,0.3,1,0.3,1,0.188,正常
3W_参数修改及显示过滤,显示项目构件,0.3,绝对值,0.5,1,0.3,1,0.312,正常
3W_参数修改及显示过滤,显示过滤墙,0.3,绝对值,0.5,1,0.3,1,0.281,提升
3W_附属构件创建与编辑,门创建预览节点,0.0,绝对值,0.1,0.1,0.3,1,0.047,正常
3W_附属构件创建与编辑,门创建,0.0,绝对值,0.1,0.3,0.3,1,0.062,正常
3W_附属构件创建与编辑,门完整创建,2.0,绝对值,2.5,,,0,2.031,正常
3W_附属构件创建与编辑,门移动节点,0.0,绝对值,0.1,0.1,0.3,1,0.016,正常
3W_附属构件创建与编辑,门完整移动,0.0,绝对值,0.5,,,0,0.359,正常
3W_附属构件创建与编辑,门临时尺寸修改,0.0,绝对值,0.1,0.3,0.3,1,0.078,正常
3W_附属构件创建与编辑,门方向切换,0.0,绝对值,0.1,0.3,0.3,1,0.078,正常
3W_附属构件创建与编辑,单个门类型切换,0.0,绝对值,0.1,0.3,0.3,1,0.062,正常
3W_附属构件创建与编辑,单个门删除,0.1,绝对值,0.2,0.3,0.3,1,0.109,正常
3W_附属构件创建与编辑,单个门删除undo,0.0,绝对值,0.1,0.3,0.3,1,0.063,正常
3W_附属构件创建与编辑,转角窗创建,0.0,绝对值,0.1,0.3,0.3,1,0.078,正常
3W_附属构件创建与编辑,转角窗完整创建,3.5,绝对值,4.0,,,0,3.094,提升
3W_附属构件创建与编辑,转角窗方向切换,0.0,绝对值,0.1,0.3,0.3,1,0.078,正常
3W_附属构件创建与编辑,板洞创建-进入编辑模式,1.5,绝对值,2.0,,,0,0.875,提升
3W_附属构件创建与编辑,板洞创建,0.2,绝对值,0.5,0.3,0.3,1,0.235,正常
3W_附属构件创建与编辑,竖井创建,2.0,绝对值,2.5,0.3,0.3,1,1.469,提升
3W_附属构件创建与编辑,栏杆创建,0.0,绝对值,0.1,0.3,0.3,1,0.093,正常
3W_主体构件创建与编辑,柱创建,0.0,绝对值,0.1,,0.3,1,0.078,正常
3W_主体构件创建与编辑,墙创建预览节点,0.0,绝对值,0.1,,0.3,1,0.032,正常
3W_主体构件创建与编辑,墙创建,0.1,绝对值,0.2,,0.3,1,0.171,正常
3W_主体构件创建与编辑,墙完整创建,1.7,绝对值,1.8,,,0,1.421,提升
3W_主体构件创建与编辑,墙删除,0.1,绝对值,0.2,,0.3,1,0.125,正常
3W_主体构件创建与编辑,墙删除undo,0.0,绝对值,0.1,,0.3,1,0.062,正常
3W_主体构件创建与编辑,高频_墙夹点编辑节点,0.0,绝对值,0.1,,0.3,1,0.063,正常
3W_主体构件创建与编辑,墙夹点编辑,0.7,绝对值,0.8,,0.5,1,0.484,提升
3W_主体构件创建与编辑,墙完整夹点编辑,1.2,绝对值,1.5,,,0,1.0,提升
3W_主体构件创建与编辑,墙临时尺寸修改,0.0,绝对值,0.1,,0.3,1,0.078,正常
3W_主体构件创建与编辑,墙对齐,0.0,绝对值,0.1,,0.3,1,0.032,正常
3W_主体构件创建与编辑,墙附着,0.0,绝对值,0.1,,0.3,1,0.11,衰退
3W_主体构件创建与编辑,楼板编辑模式,0.5,绝对值,0.6,,1,1,0.375,提升
3W_主体构件创建与编辑,高频_楼板创建,0.1,绝对值,0.2,,1,1,0.125,正常
3W_主体构件创建与编辑,楼板分割,0.9,绝对值,1.0,,1,1,0.641,提升
3W_构件创建补充,构件载入,2.0,绝对值,2.3,,0.3,1,1.266,提升
3W_构件创建补充,墙修角,0.2,绝对值,0.3,,0.5,1,0.156,提升
3W_构件创建补充,房间删除,0.1,绝对值,0.2,,0.3,1,0.11,正常
3W_构件创建补充,房间预览,0.0,绝对值,0.1,,0.3,1,0.0,正常
3W_构件创建补充,房间创建,0.1,绝对值,0.2,,0.3,1,0.079,提升
3W_构件创建补充,房间完整创建,3.0,绝对值,3.1,,,0,1.829,提升
3W_构件创建补充,房间名称修改,0.0,绝对值,0.1,,0.3,1,0.0,正常
3W_构件创建补充,双击房间名称,0.1,绝对值,0.2,,0.3,1,0.109,正常
3W_构件创建补充,窗预览,0.0,绝对值,0.1,,0.3,1,0.0,正常
3W_构件创建补充,窗创建,0.0,绝对值,0.1,,0.3,1,0.079,正常
3W_构件创建补充,窗完整创建,1.2,绝对值,1.5,,,0,0.969,提升
3W_构件创建补充,完整立面捕捉,0.0,绝对值,0.1,,,0
3W_构件创建补充,立面捕捉,0.0,绝对值,0.1,,0.3,1
3W_构件创建补充,立面编辑模式捕捉,0.0,绝对值,0.1,,0.3,1
3W_构件创建补充,完整立面编辑模式捕捉,0.0,绝对值,0.1,,,0
3W_竖向构件创建,平面双跑楼梯预览,0.4,绝对值,0.5,,1,1,0.328,提升
3W_竖向构件创建,平面双跑楼梯创建预览节点,0.0,绝对值,0.1,,0.3,1,0.015,正常
3W_竖向构件创建,平面双跑楼梯创建,0.1,绝对值,0.2,,0.3,1,0.094,提升
3W_竖向构件创建,双跑楼梯参数修改,0.1,绝对值,0.2,,0.3,1,0.156,正常
3W_竖向构件创建,双跑楼梯移动节点,0.0,绝对值,0.1,,0.3,1,0.031,正常
3W_竖向构件创建,双跑楼梯移动,0.5,绝对值,0.6,,,0,0.422,提升
3W_竖向构件创建,平面剪刀楼梯预览,0.1,绝对值,0.2,,1,1,0.11,正常
3W_竖向构件创建,平面剪刀楼梯创建预览节点,0.0,绝对值,0.1,,0.3,1,0.016,正常
3W_竖向构件创建,平面剪刀楼梯创建,0.2,绝对值,0.3,,0.3,1,0.218,正常
3W_竖向构件创建,剪刀楼梯参数修改,0.2,绝对值,0.3,,0.3,1,0.187,提升
3W_竖向构件创建,剪刀楼梯移动节点,0.0,绝对值,0.1,,0.3,1,0.032,正常
3W_竖向构件创建,剪刀楼梯移动,0.4,绝对值,0.5,,,0,0.36,提升
3W_竖向构件创建,自由楼梯创建,0.0,绝对值,0.3,,0.3,1,0.172,正常
3W_竖向构件创建,创建人行坡道,0.1,绝对值,0.2,,,0,0.094,提升
3W_竖向构件创建,绘制坡段,0.3,绝对值,0.4,,,0,0.25,提升
3W_竖向构件创建,创建坡道平台,0.0,绝对值,0.1,,,0,0.016,正常
3W_竖向构件创建,人行坡道绘制完成,1.0,绝对值,1.1,,,0,0.141,提升
3W_竖向构件创建,人行坡道进入编辑模式,0.0,绝对值,0.3,,,0,0.141,正常
3W_竖向构件创建,人行坡道退出编辑模式,0.0,绝对值,0.3,,,0,0.172,正常
3W_构件编辑,删除楼板,0.1,绝对值,0.2,0.5,0.3,1,0.406,衰退
3W_构件编辑,撤销楼板删除,0.0,绝对值,0.1,0.5,0.3,1,0.985,衰退
3W_构件编辑,墙移动,0.1,绝对值,0.2,0.5,0.5,1,0.094,提升
3W_构件编辑,墙对齐,0.1,绝对值,0.2,0.5,1,1,0.063,提升
3W_构件编辑,编辑楼板,0.2,绝对值,0.3,0.5,0.5,1,0.219,正常
3W_构件编辑,退出富文本编辑,0.0,绝对值,0.1,0.5,0.3,1,0.079,正常
3W_构件编辑,双击富文本编辑,0.0,绝对值,0.1,0.5,0.3,1,0.047,正常
3W_构件编辑,移动富文本节点,0.0,绝对值,0.1,0.5,0.3,1,0.062,正常
3W_构件编辑,复制富文本,0.1,绝对值,0.2,0.5,,0,0.094,提升
3W_构件编辑,镜像富文本,0.1,绝对值,0.2,0.5,,0,0.109,正常
3W_视图创建和编辑,立面视图创建,2.7,绝对值,3.0,1.17,10,1,2.64,提升
3W_视图创建和编辑,三维视图创建,1.5,绝对值,1.8,1.74,3,1,1.343,提升
3W_视图创建和编辑,平面视图显示裁剪框,0.1,绝对值,0.2,1,0.3,1,0.109,正常
3W_视图创建和编辑,平面视图视口裁剪,0.3,绝对值,0.6,3,0.3,1,0.297,提升
3W_视图创建和编辑,平面视图裁剪框编辑,0.5,绝对值,0.8,1,0.5,1,0.641,正常
3W_视图创建和编辑,平面视图绘图模式-不显示隐藏线,0.0,绝对值,0.1,1,1,1,0.063,正常
3W_视图创建和编辑,三维剖面框夹点编辑,0.5,绝对值,0.6,1,0.5,1,0.547,正常
3W_视图创建和编辑,复制视图（模型）,0.6,绝对值,0.7,2.8,1,1,0.703,衰退
3W_视图创建和编辑,平面视图创建,0.0,绝对值,0.1,1.17,1,1,0.078,正常
3W_视图创建和编辑,视图切换,0.2,绝对值,0.3,0.5,1,1,0.203,正常
3W_视图创建和编辑,缩放匹配,0.0,绝对值,0.1,0.1,0.3,1,0.0,正常
3W_视图创建和编辑,局部三维视图创建,0.4,绝对值,0.7,2,1,1,0.453,正常
3W_视图创建和编辑,局部三维剖面框夹点编辑,0.2,绝对值,0.5,1,0.5,1,0.156,提升
3W_视图创建和编辑,平面视图更改视图比例,1.5,绝对值,1.6,0.5,3,1,1.547,正常
3W_门窗大样,标准明细表创建,1.2,绝对值,1.3,3,3,1,0.984,提升
3W_门窗大样,大样图创建节点,0.0,绝对值,0.1,0.1,0.3,1,0.062,正常
3W_门窗大样,大样图创建,0.2,绝对值,0.3,0.1,0.3,1,0.219,正常
3W_门窗大样,大样图完整创建,1.9,绝对值,2.0,3,,0,1.469,提升
3W_门窗大样,大样图夹点编辑节点,0.1,绝对值,0.2,0.1,0.3,1,0.11,正常
3W_门窗大样,大样图夹点编辑,0.3,绝对值,0.4,0.1,0.3,1,0.203,提升
3W_门窗大样,大样图夹点完整编辑,0.9,绝对值,1.0,0.1,,0,0.625,提升
3W_门窗大样,大样图移动节点,0.0,绝对值,0.1,0.1,0.3,1,0.015,正常
3W_门窗大样,大样图移动,0.3,绝对值,0.4,0.1,0.3,1,0.234,提升
3W_门窗大样,大样图完整移动,0.7,绝对值,1.0,0.1,,0,0.437,提升
3W_门窗大样,明细表创建节点,0.0,绝对值,0.1,0.1,0.3,1,0.0,正常
3W_门窗大样,图纸明细表创建,0.7,绝对值,1.0,0.1,,0,0.516,提升
3W_门窗大样,门窗大样图视口创建,0.0,绝对值,0.1,0.1,0.3,1,0.016,正常
3W_门窗大样,大样图预览节点,0.0,绝对值,0.1,0.1,0.3,1,0.0,正常
3W_门窗大样,门窗大样图视口放置,0.2,绝对值,0.3,0.1,0.3,1,0.234,正常
3W_门窗大样,创建门窗明细表,0.7,绝对值,1.0,,,0,0.203,提升
3W_门窗大样,多次拖拽门窗表,1.0,绝对值,2.0,,,0,0.109,提升
3W_门窗大样,门窗表放置完成,1.0,绝对值,2.0,,,0,0.641,提升
3W_门窗大样,刷新门窗表,10.0,绝对值,11.0,,,0,10.859,正常
3W_整层模块编辑同步,整层模块柱创建同步,5.5,绝对值,6.0,,,0,3.641,提升
3W_整层模块编辑同步,整层模块楼梯添加同步,5.0,绝对值,5.5,,,0,4.063,提升
3W_整层模块编辑同步,整层模块板洞创建同步,5.0,绝对值,5.5,,,0,4.156,提升
3W_整层模块编辑同步,整层模块创建栏杆同步,1.5,绝对值,2.0,,,0,1.125,提升
3W_整层模块编辑同步,整层模块楼板创建同步,1.5,绝对值,2.0,,,0,1.125,提升
3W_整层模块编辑同步,整层模块删除柱同步,4.5,绝对值,5.0,,,0,2.719,提升
3W_整层模块编辑同步,整层模块楼梯删除同步,1.0,绝对值,1.5,,,0,0.766,提升
3W_整层模块编辑同步,整层模块板洞删除同步,2.5,绝对值,3.0,,,0,2.093,提升
3W_整层模块编辑同步,整层模块栏杆删除同步,0.5,绝对值,1.0,,,0,0.515,正常
3W_整层模块编辑同步,整层模块楼板删除同步,0.5,绝对值,1.0,,,0,0.531,正常
3W_整层模块部分删除同步,整层注释模块部分删除同步,0.1,绝对值,0.4,,,0,0.14,正常
3W_整层模块部分删除同步,整层模块部分删除同步,29.0,相对值,0.1,,,0,28.766,正常
3W_整层模块跨楼层复制,整层模块楼层复制,65.0,相对值,0.05,,,0,66.812,正常
3W_整层模块跨楼层复制,模块编辑模式,0.6,绝对值,0.9,,,0,0.422,提升
3W_整层模块跨楼层复制,整层模块墙创建同步,3.0,绝对值,3.3,,10,1,2.578,提升
3W_整层模块跨楼层复制,整层模块墙删除同步,0.8,绝对值,1.1,,,0,0.61,提升
3W_整层模块跨楼层复制,整层模块窗删除同步,6.0,绝对值,6.3,,,0,3.203,提升
3W_整层模块跨楼层复制,整层模块窗创建同步,5.0,绝对值,5.3,,,0,2.859,提升
3W_整层模块跨楼层复制,整层模块房间删除同步,0.5,绝对值,0.8,,,0,0.485,提升
3W_整层模块跨楼层复制,整层模块房间创建同步,16.0,相对值,0.1,,,0,15.531,正常
3W_整层模块轮廓增大同步,整层模块轮廓增大同步,30.0,相对值,0.1,,,0,30.375,正常
3W_整层注释模块编辑同步,整层添加门窗编号同步,0.0,绝对值,0.3,,,0,0.156,正常
3W_整层注释模块编辑同步,整层添加文字注释同步,0.0,绝对值,0.3,,,0,0.125,正常
3W_整层注释模块编辑同步,整层添加二维线同步,0.0,绝对值,0.3,,,0,0.125,正常
3W_整层注释模块编辑同步,整层添加对齐尺寸标注同步,0.0,绝对值,0.3,,,0,0.14,正常
3W_整层注释模块编辑同步,整层添加标高标注同步,0.0,绝对值,0.3,,,0,0.157,正常
3W_整层注释模块编辑同步,整层添加房间标注同步,0.0,绝对值,0.3,,,0,0.125,正常
3W_整层注释模块编辑同步,整层删除门窗编号同步,0.1,绝对值,0.2,,,0,0.11,正常
3W_整层注释模块编辑同步,整层删除文字注释同步,0.1,绝对值,0.2,,,0,0.109,正常
3W_整层注释模块编辑同步,整层删除二维线同步,0.1,绝对值,0.2,,,0,0.11,正常
3W_整层注释模块编辑同步,整层删除对齐尺寸标注同步,0.1,绝对值,0.2,,,0,0.11,正常
3W_整层注释模块编辑同步,整层删除标高标注同步,0.1,绝对值,0.2,,,0,0.11,正常
3W_整层注释模块编辑同步,整层删除房间标注同步,0.1,绝对值,0.2,,,0,0.109,正常
3W_户型模块创建编辑,户型模块封装,1.5,绝对值,2.0,,3,1,1.078,提升
3W_户型模块创建编辑,户型模块创建实例启动,1.0,绝对值,1.5,,1,1,0.672,提升
3W_户型模块创建编辑,户型模块实例创建,3.5,绝对值,4.0,,3,1,2.531,提升
3W_户型模块创建编辑,户型模块注释实例创建,0.0,绝对值,0.3,,1,1,0.109,正常
3W_户型模块创建编辑,单个户型模块删除,0.0,绝对值,0.5,,1,1,0.266,正常
3W_户型模块创建编辑,核心筒模块实例创建,2.0,绝对值,3.0,,3,1,1.531,提升
3W_户型模块创建编辑,单个户型复制,1.0,绝对值,2.0,,3,1,0.672,提升
3W_户型模块创建编辑,单个户型移动,1.0,绝对值,2.0,,3,1,0.594,提升
3W_户型模块创建编辑,单个户型旋转,1.0,绝对值,2.0,,3,1,0.594,提升
3W_户型模块创建编辑,模块实例切换,1.0,绝对值,2.0,,3,1,1.141,正常
3W_户型模块创建编辑,单个户型解组,1.0,绝对值,2.0,,1,1,0.734,提升
3W_户型模块更新导出,户型模块修改同步,38.0,相对值,0.05,,5,1,38.015,正常
3W_户型模块复制,多个户型模块镜像,9.0,绝对值,10.0,,20,1,6.36,提升
3W_户型模块复制,户型模块楼层复制,80.0,相对值,0.05,,240,1,82.828,正常
3W_构件复制,单层镜像,5.0,绝对值,6.0,6,6,1,3.797,提升
3W_构件复制,单层复制,2.0,绝对值,3.0,7,6,1,1.64,提升
3W_构件复制,楼层复制,18.0,绝对值,19.0,190,60,1,18.344,正常
3W_平面标注创建与编辑,轴线自动标注,0.2,绝对值,0.3,,1,1,0.094,提升
3W_平面标注创建与编辑,门窗编号创建,0.2,绝对值,0.3,,1,1,0.234,正常
3W_平面标注创建与编辑,平面对齐标注第一拾取,0.0,绝对值,0.1,,0.3,1,0.0,正常
3W_平面标注创建与编辑,平面对齐标注第一拾取后预览,0.0,绝对值,0.1,,0.3,1,0.0,正常
3W_平面标注创建与编辑,平面对齐标注第二拾取,0.0,绝对值,0.1,,0.3,1,0.016,正常
3W_平面标注创建与编辑,平面对齐标注区间创建,0.0,绝对值,0.1,,0.3,1,0.0,正常
3W_平面标注创建与编辑,平面对齐标注完整创建,0.4,绝对值,0.5,,,0,0.234,提升
3W_平面标注创建与编辑,平面对齐标注移动节点,0.0,绝对值,0.1,,0.3,1,0.031,正常
3W_平面标注创建与编辑,平面对齐标注移动,0.4,绝对值,0.5,,0.3,0,0.266,提升
3W_平面标注创建与编辑,平面对齐标注区间删除,0.0,绝对值,0.1,,0.3,1,0.031,正常
3W_平面标注创建与编辑,平面对齐标注区间连接,0.0,绝对值,0.1,,0.3,1,0.031,正常
3W_平面标注创建与编辑,平面对齐标注文字移动节点,0.0,绝对值,0.1,,0.3,1,0.032,正常
3W_平面标注创建与编辑,平面对齐标注文字移动,0.4,绝对值,0.5,,0.3,0,0.328,提升
3W_平面标注创建与编辑,平面标高标注创建预览,0.0,绝对值,0.1,,0.3,1,0.0,正常
3W_平面标注创建与编辑,平面标高标注创建,0.0,绝对值,0.1,,0.3,1,0.016,正常
3W_平面标注创建与编辑,平面标高标注完整创建,0.2,绝对值,0.3,,,0,0.141,提升
3W_平面标注创建与编辑,平面二维线创建预览节点,0.0,绝对值,0.1,,0.3,1,0.0,正常
3W_平面标注创建与编辑,平面二维线创建,0.0,绝对值,0.1,,0.3,1,0.016,正常
3W_平面标注创建与编辑,平面二维线完整创建,0.3,绝对值,0.4,,0.3,0,0.188,提升
3W_平面标注创建与编辑,平面填充轮廓线预览节点,0.0,绝对值,0.1,,0.3,1,0.0,正常
3W_平面标注创建与编辑,平面填充创建,0.0,绝对值,0.1,,0.3,1,0.047,正常
3W_平面标注创建与编辑,平面填充完整创建,0.7,绝对值,0.8,,,0,0.407,提升
3W_平面标注创建与编辑,平面引出标注预览,0.0,绝对值,0.1,,0.3,1,0.0,正常
3W_平面标注创建与编辑,平面引出标注创建,0.0,绝对值,0.1,,0.3,1,0.015,正常
3W_平面标注创建与编辑,平面引出标注双击编辑,0.0,绝对值,0.1,,0.3,1,0.078,正常
3W_平面标注创建与编辑,平面对齐标注选中,0.1,绝对值,0.2,,0.3,1,0.093,提升
3W_平面标注创建与编辑,平面对齐标注双击编辑,0.1,绝对值,0.2,,0.3,1,0.109,正常
3W_平面标注创建与编辑,平面对齐标注编辑区间,0.0,绝对值,0.1,,0.3,1,0.078,正常
3W_立面标注创建与编辑,立面对齐标注第一拾取,0.0,绝对值,0.1,,0.3,1,0.0,正常
3W_立面标注创建与编辑,立面对齐标注第二拾取,0.0,绝对值,0.1,,0.3,1,0.016,正常
3W_立面标注创建与编辑,立面对齐标注区间创建,0.0,绝对值,0.1,,0.3,1,0.015,正常
3W_立面标注创建与编辑,立面对齐标注完整创建,0.8,绝对值,0.9,,,0,0.375,提升
3W_立面标注创建与编辑,立面对齐标注移动节点,0.1,绝对值,0.2,,0.3,1,0.047,提升
3W_立面标注创建与编辑,立面对齐标注移动,0.2,绝对值,0.3,,0.3,1,0.188,提升
3W_立面标注创建与编辑,立面对齐标注文字移动节点,0.0,绝对值,0.1,,0.3,1,0.047,正常
3W_立面标注创建与编辑,立面对齐标注文字移动,0.2,绝对值,0.3,,0.3,1,0.157,提升
3W_立面标注创建与编辑,立面标高标注创建预览,0.0,绝对值,0.1,,0.3,1,0.0,正常
3W_立面标注创建与编辑,立面标高标注创建,0.0,绝对值,0.1,,0.3,1,0.015,正常
3W_立面标注创建与编辑,立面标高标注完整创建,0.1,绝对值,0.2,,,0,0.078,提升
3W_立面标注创建与编辑,立面引出标注预览,0.0,绝对值,0.1,,0.3,1,0.016,正常
3W_立面标注创建与编辑,立面引出标注创建,0.0,绝对值,0.1,,0.3,1,0.047,正常
3W_立面标注创建与编辑,立面引出标注完整创建,1.0,绝对值,1.1,,,0,0.547,提升
3W_立面标注创建与编辑,立面填充轮廓线预览节点,0.0,绝对值,0.1,,0.3,1,0.015,正常
3W_立面标注创建与编辑,立面填充创建,0.1,绝对值,0.2,,0.3,1,0.078,提升
3W_立面标注创建与编辑,立面填充完整创建,1.4,绝对值,1.5,,,0,0.844,提升
3W_立面标注创建与编辑,立面二维线创建预览节点,0.0,绝对值,0.1,,0.3,1,0.0,正常
3W_立面标注创建与编辑,立面二维线创建,0.1,绝对值,0.2,,0.3,1,0.078,提升
3W_立面标注创建与编辑,立面二维线完整创建,0.5,绝对值,0.6,,,0,0.312,提升
3W_立面标注创建与编辑,立面对齐标注选中,0.2,绝对值,0.3,,0.3,1,0.156,提升
3W_立面标注创建与编辑,立面对齐标注双击编辑,0.2,绝对值,0.3,,0.3,1,0.125,提升
3W_立面标注创建与编辑,立面对齐标注编辑区间,0.1,绝对值,0.2,,0.3,1,0.109,正常
3W_剖面标注创建与编辑,剖面第三道尺寸线移动节点,0.0,绝对值,0.1,,0.3,1,0.11,衰退
3W_剖面标注创建与编辑,剖面第三道尺寸线移动,0.0,绝对值,0.1,,0.3,1,0.015,正常
3W_剖面标注创建与编辑,剖面第三道尺寸线完整移动,0.6,绝对值,0.7,,,0,0.312,提升
3W_剖面标注创建与编辑,剖面第三道尺寸文字移动节点,0.0,绝对值,0.1,,0.3,1,0.0,正常
3W_剖面标注创建与编辑,剖面第三道尺寸文字移动,0.2,绝对值,0.3,,0.3,1,0.094,提升
3W_剖面标注创建与编辑,剖面第三道尺寸文字完整移动,0.2,绝对值,0.3,,,0,0.157,提升
3W_剖面标注创建与编辑,剖面对齐标注第一拾取,0.0,绝对值,0.1,,0.3,1,0.031,正常
3W_剖面标注创建与编辑,剖面对齐标注第二拾取,0.0,绝对值,0.1,,0.3,1,0.0,正常
3W_剖面标注创建与编辑,剖面对齐标注区间创建,0.0,绝对值,0.1,,0.3,1,0.015,正常
3W_剖面标注创建与编辑,剖面对齐标注完整创建,3.0,绝对值,3.1,,,0,1.516,提升
3W_剖面标注创建与编辑,剖面标高标注创建预览,0.0,绝对值,0.1,,0.3,1,0.0,正常
3W_剖面标注创建与编辑,剖面标高标注创建,0.0,绝对值,0.1,,0.3,1,0.032,正常
3W_剖面标注创建与编辑,剖面标高标注完整创建,0.6,绝对值,0.7,,,0,0.172,提升
3W_剖面标注创建与编辑,剖面引出标注预览,0.0,绝对值,0.1,,0.3,1,0.0,正常
3W_剖面标注创建与编辑,剖面引出标注创建,0.0,绝对值,0.1,,0.3,1,0.031,正常
3W_剖面标注创建与编辑,剖面引出标注完整创建,1.3,绝对值,1.4,,,0,0.438,提升
3W_剖面标注创建与编辑,剖面引出标注文字编辑,0.0,绝对值,0.1,,0.3,1,0.079,正常
3W_剖面标注创建与编辑,剖面填充轮廓线预览节点,0.0,绝对值,0.1,,0.3,1,0.015,正常
3W_剖面标注创建与编辑,剖面填充创建,0.0,绝对值,0.1,,0.3,1,0.063,正常
3W_剖面标注创建与编辑,剖面填充完整创建,1.4,绝对值,1.5,,,0,0.735,提升
3W_剖面标注创建与编辑,剖面二维线创建预览节点,0.0,绝对值,0.1,,0.3,1,0.0,正常
3W_剖面标注创建与编辑,剖面二维线创建,0.1,绝对值,0.2,,0.3,1,0.079,提升
3W_剖面标注创建与编辑,剖面二维线完整创建,1.3,绝对值,1.4,,,0,0.781,提升
3W_剖面标注创建与编辑,剖面对齐标注选中,0.2,绝对值,0.3,,0.3,1,0.109,提升
3W_剖面标注创建与编辑,剖面对齐标注双击编辑,0.2,绝对值,0.3,,0.3,1,0.14,提升
3W_剖面标注创建与编辑,剖面对齐标注编辑区间,0.2,绝对值,0.3,,0.3,1,0.157,提升
3W_批量创建与调整,平面轴线批量调整节点,0.0,绝对值,0.1,,0.3,1,0.016,正常
3W_批量创建与调整,平面轴线批量调整完整,0.6,绝对值,0.7,,,0,0.453,提升
3W_批量创建与调整,平面三道尺寸启动,0.0,绝对值,0.1,,0.3,1,0.062,正常
3W_批量创建与调整,平面三道尺寸预览节点,0.0,绝对值,0.1,,0.3,1,0.015,正常
3W_批量创建与调整,平面三道尺寸预览完整,3.5,绝对值,3.8,,,0,2.375,提升
3W_批量创建与调整,平面三道尺寸创建,0.0,绝对值,0.1,,0.3,1,0.047,正常
3W_批量创建与调整,平面三道尺寸完整创建,3.7,绝对值,4.0,,,0,2.5,提升
3W_批量创建与调整,立面标高批量调整节点,0.0,绝对值,0.1,,0.3,1,0.032,正常
3W_批量创建与调整,立面标高批量调整完整,1.0,绝对值,1.1,,,0,0.828,提升
3W_批量创建与调整,立面三道尺寸启动,0.5,绝对值,0.6,,0.3,1,0.437,提升
3W_批量创建与调整,立面三道尺寸预览节点,0.0,绝对值,0.1,,0.3,1,0.046,正常
3W_批量创建与调整,立面三道尺寸预览完整,5.0,绝对值,5.3,,,0,4.016,提升
3W_批量创建与调整,立面三道尺寸创建,0.7,绝对值,1.0,,0.3,1,0.11,提升
3W_批量创建与调整,立面三道尺寸完整创建,6.0,绝对值,7.0,,,0,4.578,提升
3W_批量创建与调整,剖面标高批量调整节点,0.1,绝对值,0.2,,0.3,1,0.094,提升
3W_批量创建与调整,剖面标高批量调整完整,1.9,绝对值,2.0,,,0,1.579,提升
3W_批量创建与调整,剖面三道尺寸启动,0.3,绝对值,0.4,,0.3,1,0.25,提升
3W_批量创建与调整,剖面三道尺寸预览节点,0.0,绝对值,0.1,,0.3,1,0.031,正常
3W_批量创建与调整,剖面三道尺寸预览完整,4.0,绝对值,4.3,,,0,2.906,提升
3W_批量创建与调整,剖面三道尺寸创建,0.1,绝对值,0.2,,0.3,1,0.063,提升
3W_批量创建与调整,剖面三道尺寸完整创建,4.3,绝对值,4.6,,,0,3.25,提升
3W_样式设置,视图对象样式面板显示,0.4,绝对值,0.5,,,0,0.39,提升
3W_样式设置,平面视图对象样式设置,0.3,绝对值,0.4,,,0,0.234,提升
3W_样式设置,平面视图样板引用,1.4,绝对值,1.5,,,0,1.078,提升
3W_样式设置,平面视图样板取消引用,0.2,绝对值,0.3,,,0,0.125,提升
3W_样式设置,立面视图对象样式设置,0.2,绝对值,0.3,,,0,0.156,提升
3W_样式设置,立面视图样板引用,4.0,绝对值,5.0,,,0,4.109,正常
3W_样式设置,剖面视图对象样式设置,0.2,绝对值,0.3,,,0,0.125,提升
3W_样式设置,剖面视图样板引用,1.5,绝对值,1.6,,,0,0.937,提升
3W_样式设置,视图样板下尺寸标注,1.0,绝对值,1.1,,,0,0.625,提升
3W_视口创建与调整,已开剖面视口预览,3.5,绝对值,4.0,,,0,3.157,提升
3W_视口创建与调整,已开剖面视口创建,0.2,绝对值,0.3,,,0,0.203,正常
3W_视口创建与调整,已开平面视口预览,0.3,绝对值,0.4,,,0,0.235,提升
3W_视口创建与调整,已开平面视口创建,0.2,绝对值,0.3,,,0,0.187,提升
3W_视口创建与调整,已开立面视口预览,1.2,绝对值,1.3,,,0,1.156,提升
3W_视口创建与调整,已开立面视口创建,0.2,绝对值,0.3,,,0,0.422,衰退
3W_视口创建与调整,未开立面视口预览,7.0,绝对值,7.5,,,0,2.515,提升
3W_视口创建与调整,未开立面视口创建,0.3,绝对值,0.4,,,0,0.297,提升
3W_视口创建与调整,未开剖面视口预览,4.0,绝对值,4.3,,,0,2.5,提升
3W_视口创建与调整,未开剖面视口创建,0.0,绝对值,0.1,,,0,0.062,正常
3W_视口创建与调整,未开平面视口预览,2.0,绝对值,2.1,,,0,1.015,提升
3W_视口创建与调整,未开平面视口创建,0.2,绝对值,0.3,,,0,0.141,提升
3W_算量一体化,内外墙判断,21.0,绝对值,22.0,,,0,20.64,提升
3W_算量一体化,内外墙过滤显示,0.5,绝对值,0.6,,,0,0.625,衰退
3W_算量一体化,退出内外墙模式,5.2,绝对值,5.5,,,0,5.093,提升
3W_算量一体化,进入内外墙模式,1.2,绝对值,1.5,,,0,1.281,正常
3W_图框,载入点式构件-窗,2.0,绝对值,2.1,,,0,1.234,提升
3W_图框,布置点式构件-窗,0.1,绝对值,0.2,,,0,0.11,正常
3W_图框,载入线式构件-截水沟,1.5,绝对值,1.6,,,0,1.141,提升
3W_图框,布置线式构件预览-截水沟,1.4,绝对值,1.5,,,0,1.0,提升
3W_图框,创建图框,0.1,绝对值,0.2,,,0,0.11,正常
3W_图框,创建表格,0.4,绝对值,0.5,,,0,0.156,提升
3W_图框,图框编辑完成,0.1,绝对值,0.2,,,0,0.093,提升
3W_图框,图框应用,0.1,绝对值,0.2,,,0,0.11,正常
3W_图框,图框复制,0.4,绝对值,0.5,,,0,0.157,提升
3W_协同环境建筑链接结构扣减,参照结构,39.0,相对值,0.05,,,0,382.547,衰退
3W_协同环境建筑链接结构扣减,协同扣减,153.0,相对值,0.05,,60,0,146.859,正常
3W_协同环境建筑链接结构扣减,平面结构截面填充,0.2,绝对值,0.3,,,0,0.172,提升
3W_协同环境建筑专业创建与编辑,打开三维视图,4.0,绝对值,5.0,,,0,2.531,提升
3W_协同环境建筑专业创建与编辑,打开立面视图,7.0,绝对值,8.0,,,0,3.5,提升
3W_协同环境建筑专业创建与编辑,打开平面视图,2.0,绝对值,3.0,,,0,1.532,提升
3W_协同环境建筑专业创建与编辑,墙创建,0.2,绝对值,0.3,,0.5,0,0.156,提升
3W_协同环境建筑专业创建与编辑,墙完整创建,2.5,绝对值,2.6,,,0,2.156,提升
3W_协同环境建筑专业创建与编辑,载入构件,1.1,绝对值,1.2,,0.3,0,0.938,提升
3W_协同环境建筑专业创建与编辑,房间更新,3.4,绝对值,3.5,,,0,2.282,提升
3W_协同环境建筑专业创建与编辑,窗创建,0.0,绝对值,0.1,,0.3,0,0.078,正常
3W_协同环境建筑专业创建与编辑,窗完整创建,1.1,绝对值,1.2,,,0,0.656,提升
3W_协同环境建筑专业创建与编辑,门创建,0.1,绝对值,0.2,,0.3,0,0.125,正常
3W_协同环境建筑专业创建与编辑,门完整创建,2.5,绝对值,2.6,,,0,1.954,提升
3W_协同环境建筑专业创建与编辑,门删除,0.1,绝对值,0.2,,0.3,0,0.109,正常
3W_协同环境建筑专业创建与编辑,门删除undo,0.0,绝对值,0.1,,0.3,0,0.078,正常
3W_协同环境建筑专业创建与编辑,墙删除,0.3,绝对值,0.4,,0.3,0,0.203,提升
3W_协同环境建筑专业创建与编辑,墙删除undo,0.2,绝对值,0.3,,0.3,0,0.11,提升
3W_协同环境建筑专业创建与编辑,进入楼板编辑模式,0.4,绝对值,0.5,,1,0,0.25,提升
3W_协同环境建筑专业创建与编辑,编辑楼板,0.7,绝对值,0.8,,0.5,0,0.563,提升
3W_协同环境建筑专业创建与编辑,房间创建,0.2,绝对值,0.3,,0.3,0,0.094,提升
3W_协同环境建筑专业创建与编辑,房间完整创建,1.0,绝对值,1.1,,,0,0.438,提升
3W_协同环境建筑专业创建与编辑,平面对齐标注选中,0.1,绝对值,0.2,,0.3,0,0.078,提升
3W_协同环境建筑专业创建与编辑,平面对齐标注移动,0.0,绝对值,0.1,,0.3,0,0.031,正常
3W_协同环境建筑专业创建与编辑,平面对齐标注完整移动,0.8,绝对值,0.9,,,0,0.516,提升
3W_协同环境建筑专业创建与编辑,平面对齐标注文字完整移动,1.1,绝对值,1.2,,,0,0.704,提升
3W_协同环境建筑专业创建与编辑,平面门窗三道尺寸创建,0.0,绝对值,0.1,,0.3,0,0.031,正常
3W_协同环境建筑专业创建与编辑,平面门窗三道尺寸完整创建,0.4,绝对值,0.5,,,0,0.344,提升
3W_协同环境建筑专业创建与编辑,立面门窗三道尺寸创建,0.1,绝对值,0.2,,0.3,0,0.078,提升
3W_协同环境建筑专业创建与编辑,立面门窗三道尺寸完整创建,1.7,绝对值,1.8,,,0,1.312,提升
3W_协同环境建筑专业创建与编辑,对齐标注完整编辑,1.9,绝对值,2.0,,,0,1.125,提升
3W_协同环境建筑专业创建与编辑,立面完整捕捉,5.5,绝对值,6.0,,,0,2.656,提升
performance_Q4视口性能优化,拖拽立面图视口夹点,0.2,绝对值,0.3,0.5,,0,0.188,提升
performance_Q4视口性能优化,拖拽立面图视口夹点22,0.2,绝对值,0.3,0.5,,0,0.203,正常
performance_Q4视口性能优化,拖拽平面图视口夹点,0.1,绝对值,0.2,0.5,,0,0.11,正常
performance_Q4视口性能优化,拖拽平面图视口夹点33,0.1,绝对值,0.2,0.5,,0,0.156,正常
3W_协同场景建筑专业创建与编辑_链接结构,打开三维视图,1.9,绝对值,2.0,,,0,1.391,提升
3W_协同场景建筑专业创建与编辑_链接结构,打开南立面视图,3.0,绝对值,3.5,,,0,2.125,提升
3W_协同场景建筑专业创建与编辑_链接结构,高频_打开平面视图,2.5,绝对值,2.8,1.5,3,1,1.797,提升
3W_协同场景建筑专业创建与编辑_链接结构,墙创建,0.0,绝对值,0.1,,,0,0.079,正常
3W_协同场景建筑专业创建与编辑_链接结构,墙删除,0.1,绝对值,0.2,,,0,0.125,正常
3W_协同场景建筑专业创建与编辑_链接结构,墙删除undo,0.1,绝对值,0.2,,,0,0.094,提升
3W_协同场景建筑专业创建与编辑_链接结构,模块_墙删除,0.2,绝对值,0.3,,,0,0.188,提升
3W_协同场景建筑专业创建与编辑_链接结构,创建类似启动,0.2,绝对值,0.3,,,0,0.14,提升
3W_协同场景建筑专业创建与编辑_链接结构,模块_墙创建,0.1,绝对值,0.2,,,0,0.125,正常
3W_协同场景建筑专业创建与编辑_链接结构,本地构件载入,1.2,绝对值,1.5,,,0,0.906,提升
3W_协同场景建筑专业创建与编辑_链接结构,窗创建启动,5.5,绝对值,5.8,,,0,4.125,提升
3W_协同场景建筑专业创建与编辑_链接结构,预设切换窗类型,0.0,绝对值,0.1,,,0,0.031,正常
3W_协同场景建筑专业创建与编辑_链接结构,百叶窗创建,0.2,绝对值,0.3,,,0,0.156,提升
3W_协同场景建筑专业创建与编辑_链接结构,百叶窗删除,0.2,绝对值,0.3,,,0,0.14,提升
3W_协同场景建筑专业创建与编辑_链接结构,百叶窗删除undo,0.1,绝对值,0.2,,,0,0.11,正常
3W_协同场景建筑专业创建与编辑_链接结构,普通窗创建,0.1,绝对值,0.2,,,0,0.094,提升
3W_协同场景建筑专业创建与编辑_链接结构,普通窗删除,0.1,绝对值,0.2,,,0,0.125,正常
3W_协同场景建筑专业创建与编辑_链接结构,普通窗删除undo,0.1,绝对值,0.2,,,0,0.094,提升
3W_协同场景建筑专业创建与编辑_链接结构,高频_批量更新房间,2.6,绝对值,2.7,,3,1,2.375,提升
3W_协同场景建筑专业创建与编辑_链接结构,创建房间命令启动,0.7,绝对值,0.8,,,0,0.484,提升
3W_协同场景建筑专业创建与编辑_链接结构,创建房间,0.2,绝对值,0.3,,,0,0.094,提升
3W_协同场景建筑专业创建与编辑_链接结构,门创建,0.1,绝对值,0.2,,,0,0.125,正常
3W_协同场景建筑专业创建与编辑_链接结构,门删除,0.1,绝对值,0.2,,,0,0.094,提升
3W_协同场景建筑专业创建与编辑_链接结构,门删除undo,0.1,绝对值,0.2,,,0,0.109,正常
3W_协同场景建筑专业创建与编辑_链接结构,楼板编辑模式,0.3,绝对值,0.4,,,0,0.219,提升
3W_协同场景建筑专业创建与编辑_链接结构,编辑楼板,0.7,绝对值,1.0,,,0,0.516,提升
3W_协同场景建筑专业创建与编辑_链接结构,标准层创建,8.0,绝对值,9.0,,,0,8.188,正常
3W_协同场景建筑专业创建与编辑_链接结构,切换立面视图_增量,2.7,绝对值,3.0,,,0,1.875,提升
3W_协同场景建筑专业创建与编辑_链接结构,切换三维视图_增量,6.0,绝对值,6.3,,,0,4.406,提升
3W_协同场景建筑专业创建与编辑_链接结构,关闭三维视图,1.0,绝对值,1.1,,,0,0.656,提升
3W_协同场景建筑专业创建与编辑_链接结构,打开北立面视图_全量,5.0,绝对值,5.5,2,5,0,3.828,提升
3W_协同场景建筑专业创建与编辑_链接结构,打开南立面视图_全量,5.5,绝对值,6.0,,,0,4.047,提升
3W_协同场景建筑专业创建与编辑_链接结构,打开三维视图_全量,3.5,绝对值,4.0,4,8,0,3.218,提升
3W_协同场景建筑专业创建与编辑_链接结构,打开剖面视图_全量,3.5,绝对值,4.0,1.5,3,0,3.0,提升
3W_协同场景建筑专业创建与编辑_链接结构,标准层_墙创建,0.3,绝对值,0.6,,,0,0.297,提升
3W_协同场景建筑专业创建与编辑_链接结构,标准层_墙删除,0.3,绝对值,0.4,,,0,0.297,提升
3W_协同场景建筑专业创建与编辑_链接结构,标准层_墙删除undo,0.2,绝对值,0.3,,,0,0.172,提升
3W_协同场景建筑专业创建与编辑_链接结构,标准层_窗创建,0.3,绝对值,0.4,,,0,0.297,提升
3W_协同场景建筑专业创建与编辑_链接结构,标准层_窗删除,0.3,绝对值,0.4,,,0,0.25,提升
3W_协同场景建筑专业创建与编辑_链接结构,标准层_模块编辑模式,0.2,绝对值,0.3,,,0,0.219,正常
3W_协同场景建筑专业创建与编辑_链接结构,标准层_门翻转,0.2,绝对值,0.3,,,0,0.156,提升
3W_协同场景建筑专业创建与编辑_链接结构,标准层_门墙移动,0.2,绝对值,0.3,,,0,0.14,提升
3W_协同场景建筑专业创建与编辑_链接结构,标准层_楼板编辑,0.2,绝对值,0.3,,,0,0.172,提升
3W_协同场景建筑专业创建与编辑_链接结构,标准层_模块同步,3.7,绝对值,3.8,,,0,2.203,提升
3W_协同场景建筑专业创建与编辑_链接结构,高频_平面对齐标注选中,0.1,绝对值,0.2,0.2,0.3,1,0.094,提升
3W_协同场景建筑专业创建与编辑_链接结构,高频_平面对齐标注移动,0.0,绝对值,0.1,0.2,0.3,1,0.031,正常
3W_协同环境_建筑专业,高频_3W_墙夹点编辑,0.2,绝对值,0.3,0.3,0.3,1,0.047,提升
3W_协同环境_建筑专业,3W_复制视图,1.0,绝对值,1.3,3,3,1,0.563,提升
3W_协同环境_建筑专业,3W_参照结构,19.0,绝对值,20.0,20,20,1,22.281,衰退
3W_协同环境_建筑设计单元,门移动_无映射,0.1,绝对值,0.2,,,0,0.11,正常
3W_协同环境_建筑设计单元,窗移动_无映射,0.2,绝对值,0.3,,,0,0.125,提升
3W_协同环境_建筑设计单元,墙连接移动_无映射,0.3,绝对值,0.4,,,0,0.203,提升
3W_协同环境_建筑设计单元,墙修角_标准层,0.7,绝对值,0.8,,,0,0.265,提升
3W_协同环境_建筑设计单元,楼板轮廓线删除undo_无映射层,0.1,绝对值,0.2,,,0,0.157,正常
3W_协同环境_建筑设计单元,房间创建_标准层,0.1,绝对值,0.2,,,0,0.062,提升
3W_协同环境_建筑设计单元,墙连接移动_标准层,0.4,绝对值,0.5,,,0,0.297,提升
3W_协同环境_建筑设计单元,门移动_标准层,0.2,绝对值,0.3,,,0,0.172,提升
3W_协同环境_建筑设计单元,窗移动_标准层,0.2,绝对值,0.3,,,0,0.187,提升
3W_协同环境_建筑设计单元,模块修改同步_无映射层,7.2,绝对值,7.3,,,0,4.203,提升
3W_协同环境_建筑单专业,高频_墙创建_无映射,0.0,绝对值,0.1,0.3,0.3,1,0.062,正常
3W_协同环境_建筑单专业,高频_墙修角_无映射,0.1,绝对值,0.2,,0.3,1,0.11,正常
3W_协同环境_建筑单专业,高频_房间创建_无映射,0.0,绝对值,0.1,0.3,0.3,1,0.047,正常
3W_协同环境_建筑单专业,高频_房间更新_无映射,2.0,绝对值,2.1,,3,1,1.954,提升
3W_协同环境_建筑单专业,高频_门创建_无映射,0.1,绝对值,0.2,0.2,0.3,1,0.141,正常
3W_协同环境_建筑单专业,单个门类型切换_无映射层,0.5,绝对值,0.6,,,0,0.453,提升
3W_协同环境_建筑单专业,门删除_无映射层,0.0,绝对值,0.1,,,0,0.093,正常
3W_协同环境_建筑单专业,门删除undo_无映射层,0.1,绝对值,0.2,,,0,0.109,正常
3W_协同环境_建筑单专业,创建百叶窗_无映射层,0.2,绝对值,0.3,,,0,0.156,提升
3W_协同环境_建筑单专业,高频_户型模块封装_无映射,1.6,绝对值,1.7,,2,1,1.031,提升
3W_协同环境_建筑单专业,高频_户型模块实例创建_无映射,3.5,绝对值,3.6,,4,1,2.547,提升
3W_协同环境_建筑单专业,高频_单个户型模块复制_无映射,1.3,绝对值,1.4,,4,1,0.766,提升
3W_协同环境_建筑单专业,高频_墙创建_标准层,0.3,绝对值,0.4,0.3,0.5,1,0.266,提升
3W_协同环境_建筑单专业,高频_墙删除_标准层,0.3,绝对值,0.4,0.2,0.5,1,0.329,正常
3W_协同环境_建筑单专业,高频_墙删除undo_标准层,0.3,绝对值,0.4,0.2,1,1,0.218,提升
3W_协同环境_建筑单专业,高频_门删除_标准层,0.3,绝对值,0.4,0.2,0.5,1,0.219,提升
3W_协同环境_建筑单专业,高频_门删除undo_标准层,0.2,绝对值,0.3,0.2,1,1,0.188,提升
3W_协同环境_建筑单专业,高频_完成模块编辑,3.2,绝对值,3.3,9.8,8,1,1.844,提升
3W_协同环境_建筑单专业,高频_创建单个保温层,0.1,绝对值,0.2,,0.3,1,0.141,正常
3W_协同环境_建筑单专业,高频_切换视图,0.2,绝对值,0.3,0.5,0.5,1,0.157,提升
3W_协同环境_建筑单专业,高频_视图缩放,0.0,绝对值,0.1,1.8,0.3,1,0.0,正常
3W_协同环境_建筑单专业,高频_平面对齐标注移动,0.0,绝对值,0.1,0.2,0.3,1,0.062,正常
3W_协同环境_建筑单专业,高频_平面对齐标注创建,0.0,绝对值,0.1,0.2,0.3,1,0.063,正常
3W_协同环境_建筑单专业,高频_平面门窗三道尺寸创建,0.0,绝对值,0.1,,0.3,1,0.063,正常
3W_协同环境_建筑单专业,高频_立面对齐标注创建,0.0,绝对值,0.1,0.2,0.3,1,0.078,正常
3W_协同环境_建筑单专业,高频_剖面对齐标注创建,0.0,绝对值,0.1,0.2,0.3,1,0.078,正常
3W_协同环境_建筑单专业,高频_剖面门窗三道尺寸创建,0.1,绝对值,0.2,,0.3,1,0.109,正常
3W_协同环境_建筑单专业,户型模块未修改同步_无映射,0.3,绝对值,0.4,,,0,0.219,提升
3W_协同环境_建筑单专业,户型模块未修改同步_标准层,0.3,绝对值,0.4,,,0,0.297,提升
3W_协同环境_建筑单专业,户型模块封装_标准层,3.0,绝对值,3.3,,,0,1.937,提升
3W_协同环境_建筑单专业,户型模块实例创建_标准层,6.5,绝对值,6.8,,,0,4.297,提升
3W_协同环境_建筑单专业,单个户型模块复制_标准层,3.5,绝对值,3.8,,,0,1.828,提升
3W_协同环境_带映射层建筑设计单元,板洞创建,0.3,绝对值,0.4,,,0,0.297,提升
3W_协同环境_带映射层建筑设计单元,竖井创建,0.2,绝对值,0.3,,,0,0.187,提升
3W_协同环境_带映射层建筑设计单元,楼板创建,0.3,绝对值,0.4,,,0,0.297,提升
3W_协同环境_带映射层建筑设计单元,双跑楼梯移动,0.5,绝对值,0.6,,,0,0.438,提升
3W_协同环境_带映射层建筑设计单元,剪刀楼梯移动,0.7,绝对值,0.8,,,0,0.688,提升
3W_协同环境_带映射层建筑设计单元,图纸明细表创建,0.0,绝对值,0.1,,,0,0.0,正常
3W_协同环境_带映射层建筑设计单元,剖面标高批量调整完整,0.1,绝对值,0.2,,,0,0.125,正常
3W_协同环境_带映射层建筑设计单元,内外墙判断,11.0,绝对值,12.0,,,0,4.937,提升
3W_协同环境_带映射层建筑设计单元,退出内外墙模式,4.5,绝对值,5.0,,,0,3.719,提升
3W_协同环境_带映射层建筑设计单元,首层楼板分割,0.5,绝对值,0.6,,,0,0.406,提升
3W_协同环境_带映射层建筑设计单元,标准层楼板分割,1.0,绝对值,1.1,,,0,0.907,提升
3W_协同环境_带映射层建筑设计单元,户型模块十个构件修改同步,8.5,绝对值,8.8,,,0,4.688,提升
3W_协同环境_连接线消隐,连接线消隐,23.5,绝对值,24.0,,,0,28.39,衰退
3W_协同环境_连接线消隐简化版,小场景连接线消隐,4.5,绝对值,5.0,,,0,4.735,正常
3W_协同环境_连接线消隐简化版,开关视图对象样式,0.7,绝对值,0.8,,,0,0.594,提升
3W_协同环境_连接线消隐简化版,导出GFC3.2,0.5,绝对值,0.6,,,0,0.391,提升
3W_DWG地库图纸导入操作,导入地库图纸,3.7,绝对值,3.8,,,0,2.766,提升
3W_DWG地库图纸导入操作,地库图纸移动,1.4,绝对值,1.5,,,0,0.344,提升
3W_DWG地库图纸导入操作,打开带地库图纸视图,0.9,绝对值,1.0,,,0,0.75,提升
3W_DWG地库图纸导入操作,地库图纸删除,0.7,绝对值,0.8,,,0,0.281,提升
3W_DWG地库图纸导入操作,CAD图纸背景切换为前景,1.5,绝对值,1.6,,,0,0.453,提升
3W_DWG地库图纸导入操作,CAD图纸视图下界面风格切换,1.5,绝对值,1.6,,,0,1.625,衰退
3W_协同场景建筑重新链接_链接结构,打开协同文件,52.0,相对值,0.05,,,0,47.36,提升
3W_协同场景建筑重新链接_链接结构,打开北立面视图,5.2,绝对值,5.3,2,5,1,3.282,提升
3W_协同场景建筑重新链接_链接结构,高频_打开南立面视图_全量,3.0,绝对值,3.3,2,5,1,2.0,提升
3W_协同场景建筑重新链接_链接结构,高频_打开三维视图_全量,3.0,绝对值,3.3,4,8,1,2.547,提升
3W_协同场景建筑重新链接_链接结构,全量打开2-2剖面视图,2.0,绝对值,2.3,,,0,2.219,正常
3W_协同场景建筑重新链接_链接结构,高频_打开剖面视图_全量,3.0,绝对值,3.3,1.5,3,1,2.203,提升
3W_协同场景建筑重新链接_链接结构,3W_导出2F平面图,4.0,绝对值,4.5,,8,1,3.219,提升
3W_协同场景建筑重新链接_链接结构,3W_导出南立面视图,30.0,绝对值,32.0,,120,1,27.062,提升
3W_协同场景建筑重新链接_链接结构,3W_导出2-2剖面视图,4.0,绝对值,4.6,,9,1,3.015,提升
3W_协同场景建筑重新链接_链接结构,3W_平立剖批量导出,40.0,绝对值,42.0,,70,1,36.687,提升
3W_协同场景建筑重新链接_链接结构,批量更新房间,3.7,绝对值,4.0,,,0,2.75,提升
3W_协同环境_建筑参照多专业,高频_打开工作单元,230.0,相对值,0.05,60,90,1,260.265,衰退
3W_协同环境_建筑参照多专业,高频_首次打开2F平面视图,3.0,绝对值,3.3,5,6,1,2.547,提升
3W_协同环境_建筑参照多专业,高频_参照结构更新,30.0,相对值,0.2,20,20,1,28.844,正常
3W_协同环境_建筑参照多专业,高频_关闭工作单元,2.2,绝对值,2.3,6,6,1,1.672,提升
墙构件首次创建,墙构件首次创建,1.4,绝对值,1.5,,2,0,1.187,提升
智能识别弧形墙性能,内外墙识别,44.0,相对值,0.1,,,0,0.0,提升
3W_批量导出DWG,批量导出DWG,120.0,相对值,0.05,67,,0,109.0,提升
6W_建筑构件编辑_建筑单专业,高频_柱创建,0.1,绝对值,0.2,0.3,0.3,1,0.11,正常
6W_建筑构件编辑_建筑单专业,高频_墙创建,0.1,绝对值,0.2,0.3,0.3,1,0.11,正常
6W_建筑构件编辑_建筑单专业,高频_墙夹点编辑,0.2,绝对值,0.3,0.3,0.3,1,0.156,提升
6W_建筑构件编辑_建筑单专业,高频_墙删除,0.1,绝对值,0.2,0.3,0.3,1,0.125,正常
6W_建筑构件编辑_建筑单专业,高频_墙删除undo,0.1,绝对值,0.2,0.3,0.3,1,0.109,正常
6W_建筑构件编辑_建筑单专业,高频_房间布置,0.1,绝对值,0.2,0.3,0.1,1,0.062,提升
6W_建筑构件编辑_建筑单专业,高频_房间删除,0.1,绝对值,0.2,0.3,0.2,1,0.094,提升
6W_建筑构件编辑_建筑单专业,高频_布置车位,0.0,绝对值,0.1,0.3,0.2,1,0.031,正常
6W_建筑构件编辑_建筑单专业,高频_门创建,0.0,绝对值,0.1,0.3,0.2,1,0.047,正常
6W_建筑构件编辑_建筑单专业,高频_门类型切换,0.0,绝对值,0.1,0.3,0.1,1,0.016,正常
6W_建筑构件编辑_建筑单专业,高频_门删除,0.1,绝对值,0.2,0.3,0.2,1,0.093,提升
6W_建筑构件编辑_建筑单专业,高频_窗创建,0.0,绝对值,0.1,0.3,0.2,1,0.047,正常
6W_建筑构件编辑_建筑单专业,高频_窗类型切换,0.0,绝对值,0.1,0.3,0.2,1,0.016,正常
6W_建筑构件编辑_建筑单专业,高频_窗删除,0.0,绝对值,0.1,0.3,0.1,1,0.062,正常
6W_建筑构件编辑_建筑单专业,高频_楼板进入编辑模式,0.4,绝对值,0.5,1,1,1,0.25,提升
6W_建筑构件编辑_建筑单专业,高频_楼板退出编辑模式,1.0,绝对值,1.1,1,1,1,0.813,提升
6W_建筑构件注释表达_建筑单专业,高频_对齐标注创建,0.0,绝对值,0.1,0.3,0.1,1,0.047,正常
6W_建筑构件注释表达_建筑单专业,高频_标高标注创建,0.1,绝对值,0.2,0.3,0.2,1,0.062,提升
6W_建筑构件注释表达_建筑单专业,高频_二维线创建,0.1,绝对值,0.2,0.3,0.2,1,0.125,正常
6W_建筑构件注释表达_建筑单专业,高频_文字创建,0.0,绝对值,0.1,0.3,0.3,1,0.047,正常
6W_建筑构件注释表达_建筑单专业,高频_门窗编号,0.0,绝对值,0.1,―,0.1,1,0.015,正常
6W_建筑构件注释表达_建筑单专业,高频_创建填充,0.0,绝对值,0.1,0.3,0.1,1,0.031,正常
6W_协同环境通用编辑_链接结构,高频_首次打开B1平面视图,4.0,绝对值,4.1,1.8,5,1,2.922,提升
6W_协同环境通用编辑_链接结构,高频_首次打开南立面视图,5.5,绝对值,5.6,4,4,1,3.422,提升
6W_协同环境通用编辑_链接结构,高频_首次打开1-1剖面视图,1.0,绝对值,1.1,3.1,3.1,1,0.734,提升
6W_协同环境通用编辑_链接结构,高频_首次打开三维视图,1.0,绝对值,1.1,5.5,5.5,1,0.672,提升
6W_协同环境通用编辑_链接结构,高频_视图缩放,0.5,绝对值,0.6,0.3,0.2,1,0.453,提升
6W_协同环境通用编辑_全专业,高频_有缓存打开工作单元,30.0,相对值,0.1,22,180,1,30.906,正常
6W_协同环境通用编辑_全专业,创建防火分区视图,8.5,绝对值,9.0,15,10,1,6.078,提升
6W_协同环境通用编辑_全专业,高频_首次打开防火分区视图,3.7,绝对值,4.0,2.2,2.2,1,2.687,提升
6W_协同环境通用编辑_全专业,高频_放置防火分区,0.0,绝对值,0.1,―,0.3,1,0.016,正常
6W_协同环境通用编辑_全专业,高频_防火分区视图疏散路线创建,0.1,绝对值,0.2,0.3,0.3,1,0.047,提升
6W_协同环境通用编辑_全专业,高频_全专业视图缩放,0.0,绝对值,0.1,0.3,0.1,1,0.031,正常
6W_协同环境通用编辑_全专业,高频_首次打开三维视图,3.0,绝对值,3.1,2.8,9,1,2.015,提升
6W_协同环境通用编辑_全专业,高频_结构参照更新,30.0,相对值,0.05,―,10,1,28.281,提升
6W_协同环境通用编辑_全专业,电气参照更新,21.0,相对值,0.1,―,10,1,24.125,衰退
6W_协同环境通用编辑_全专业,暖通参照更新,8.0,相对值,0.1,―,10,1,8.0,正常
6W_协同环境通用编辑_全专业,喷淋参照更新,15.0,相对值,0.1,―,10,1,17.672,衰退
6W_协同环境通用编辑_全专业,高频_关闭工作单元,2.7,绝对值,3.0,2,2,1,2.141,提升
6W_DWG地库图纸编辑_建筑单专业,导入地库图纸,5.7,绝对值,6.0,7,7,1,3.219,提升
6W_DWG地库图纸编辑_建筑单专业,移动地库图纸,0.2,绝对值,0.5,0.5,0.5,1,0.188,提升
6W_DWG地库图纸编辑_建筑单专业,隐藏地库图纸,0.2,绝对值,0.5,0.3,0.3,1,0.203,正常
6W_DWG地库图纸编辑_建筑单专业,显示地库图纸,1.5,绝对值,1.8,2,2,1,0.984,提升
6W_DWG地库图纸编辑_建筑单专业,关闭带地库图纸平面视图,0.2,绝对值,0.5,0.3,0.3,1,0.203,正常
6W_DWG地库图纸编辑_建筑单专业,打开带地库图纸平面视图,3.0,绝对值,3.3,2.7,3,1,2.047,提升
6W_DWG地库图纸编辑_建筑单专业,CAD图纸背景切换为前景,2.5,绝对值,2.8,1.7,1.7,1,0.796,提升
6W_DWG地库图纸编辑_建筑单专业,CAD图纸视图下界面风格切换,0.2,绝对值,0.5,2,2,1,0.469,正常
6W_DWG地库图纸编辑_建筑单专业,地库图纸删除,1.2,绝对值,1.5,2,2,1,0.531,提升
6W_幕墙_建筑单专业,创建直线幕墙,1.7,绝对值,1.8,9.85,3,1,1.016,提升
6W_幕墙_建筑单专业,删除幕墙,0.4,绝对值,0.5,1,1,1,0.265,提升
6W_幕墙_建筑单专业,删除幕墙undo,0.8,绝对值,0.9,1,1,1,0.5,提升
6W_幕墙_建筑单专业,幕墙移动,1.1,绝对值,1.2,8.1,2,1,0.547,提升
6W_幕墙_建筑单专业,幕墙复制,1.4,绝对值,1.5,12.1,2,1,0.656,提升
6W_幕墙_建筑单专业,幕墙编辑模式,0.7,绝对值,0.8,―,1.5,1,0.671,提升
6W_幕墙_建筑单专业,竖向网格修改,0.1,绝对值,0.2,―,0.3,1,0.141,正常
6W_幕墙_建筑单专业,幕墙网格编辑更新,5.0,绝对值,5.1,9.1,8,1,2.312,提升
6W_幕墙_建筑单专业,幕墙面板删除,0.2,绝对值,0.3,0.5,0.5,1,0.078,提升
6W_幕墙_建筑单专业,幕墙面板创建,0.1,绝对值,0.2,0.3,0.3,1,0.14,正常
6W_幕墙_建筑单专业,幕墙面板切换,1.0,绝对值,1.3,0.3,0.3,1,0.937,提升
6W_幕墙_建筑单专业,幕墙夹点编辑,0.5,绝对值,0.6,11.8,1,1,0.36,提升
6W_构件创建与编辑_建筑单专业,建筑单专业打开工作单元,40.0,相对值,0.1,5,10,1,38.438,正常
6W_构件创建与编辑_建筑单专业,板洞布置,0.0,绝对值,0.1,0.3,0.1,1,0.047,正常
6W_构件创建与编辑_建筑单专业,墙洞布置,0.1,绝对值,0.2,0.3,0.3,1,0.125,正常
6W_构件创建与编辑_建筑单专业,竖井布置,0.4,绝对值,0.5,0.3,0.3,1,0.329,提升
6W_构件创建与编辑_建筑单专业,排水沟布置,0.0,绝对值,0.1,―,0.1,1,0.031,正常
6W_构件创建与编辑_建筑单专业,集水井布置,0.2,绝对值,0.3,―,0.1,1,0.062,提升
6W_构件创建与编辑_建筑单专业,栏杆创建,0.2,绝对值,0.3,0.3,0.3,1,0.156,提升
6W_构件创建与编辑_建筑单专业,栏杆编辑,0.2,绝对值,0.3,0.3,0.3,1,0.157,提升
6W_构件创建与编辑_建筑单专业,墙附着,0.0,绝对值,0.1,0.3,0.1,1,0.031,正常
6W_构件创建与编辑_建筑单专业,首次参照结构,35.0,相对值,0.1,11,11,1,36.547,正常
6W_构件注释创建与编辑_建筑单专业,复制视图,3.5,绝对值,3.6,9.6,9.6,1,2.312,提升
6W_构件注释创建与编辑_建筑单专业,删除二维线,0.2,绝对值,0.3,0.3,0.2,1,0.187,提升
6W_构件注释创建与编辑_建筑单专业,二维线夹点编辑,0.1,绝对值,0.2,0.3,0.3,1,0.125,正常
6W_构件注释创建与编辑_建筑单专业,二维线格式刷,0.0,绝对值,0.1,0.3,0.3,1,0.032,正常
6W_构件注释创建与编辑_建筑单专业,引出标注创建,0.1,绝对值,0.2,―,0.3,1,0.078,提升
6W_构件注释创建与编辑_建筑单专业,引出标注夹点编辑,0.0,绝对值,0.1,―,0.1,1,0.031,正常
6W_构件注释创建与编辑_建筑单专业,双击编辑文字,0.0,绝对值,0.1,0.3,0.1,1,0.062,正常
6W_构件注释创建与编辑_建筑单专业,文字复制,0.0,绝对值,0.1,0.3,0.2,1,0.078,正常
6W_构件注释创建与编辑_建筑单专业,文字删除,0.0,绝对值,0.1,0.3,0.3,1,0.078,正常
6W_构件注释创建与编辑_建筑单专业,文字移动,0.0,绝对值,0.1,0.3,0.3,1,0.015,正常
6W_构件注释创建与编辑_建筑单专业,对齐标注双击编辑,0.0,绝对值,0.1,0.3,0.1,1,0.046,正常
6W_构件注释创建与编辑_建筑单专业,对齐标注增加界线,0.0,绝对值,0.1,0.3,0.1,1,0.032,正常
6W_构件注释创建与编辑_建筑单专业,角度标注创建,0.0,绝对值,0.1,0.3,0.1,1,0.015,正常
6W_构件注释创建与编辑_建筑单专业,做法标注创建,0.0,绝对值,0.1,―,0.1,1,0.047,正常
6W_构件注释创建与编辑_建筑单专业,房间注释移动,0.0,绝对值,0.1,0.3,0.3,1,0.063,正常
6W_构件注释创建与编辑_建筑单专业,房间注释编辑,0.1,绝对值,0.2,0.3,0.1,1,0.078,提升
6W_构件注释创建与编辑_建筑单专业,遮罩创建,0.1,绝对值,0.2,0.3,0.3,1,0.093,提升
6W_构件注释创建与编辑_建筑单专业,遮罩编辑模式,0.2,绝对值,0.3,0.3,0.5,1,0.25,正常
6W_构件注释创建与编辑_建筑单专业,遮罩完成编辑,0.2,绝对值,0.3,0.3,0.5,1,0.297,正常
6W_构件注释创建与编辑_建筑单专业,对齐标注移动,0.0,绝对值,0.1,0.3,0.3,1,0.015,正常
6W_构件注释创建与编辑_建筑单专业,平面视图裁剪,0.5,绝对值,0.6,4.4,1,1,0.344,提升
6W_构件注释创建与编辑_建筑单专业,平面注释裁剪,0.5,绝对值,0.6,3.2,0.3,1,0.468,提升
6W_构件注释创建与编辑_建筑单专业,裁剪框夹点编辑,0.5,绝对值,0.6,4.1,0.5,1,0.484,提升
6W_构件注释创建与编辑_建筑单专业,轴线批量调整,0.1,绝对值,0.2,0.3,0.3,1,0.094,提升
6W_构件注释创建与编辑_建筑单专业,框选索引创建,6.0,绝对值,6.3,―,3,1,4.453,提升
6W_楼梯坡道_建筑单专业,布置剪刀楼梯,0.4,绝对值,0.5,―,0.5,1,0.203,提升
6W_楼梯坡道_建筑单专业,布置双跑楼梯,0.2,绝对值,0.3,―,0.5,1,0.156,提升
6W_楼梯坡道_建筑单专业,楼梯切换上楼方向,0.0,绝对值,0.1,0.3,0.2,1,0.094,正常
6W_楼梯坡道_建筑单专业,移动楼梯,0.0,绝对值,0.1,0.3,0.3,1,0.078,正常
6W_楼梯坡道_建筑单专业,修改楼梯踏步数,0.0,绝对值,0.1,―,0.2,1,0.078,正常
6W_楼梯坡道_建筑单专业,修改梯间宽度,0.1,绝对值,0.2,―,0.2,1,0.094,提升
6W_楼梯坡道_建筑单专业,修改平台进深,0.1,绝对值,0.2,―,0.2,1,0.078,提升
6W_楼梯坡道_建筑单专业,创建自由楼梯,0.5,绝对值,0.6,0.3,0.3,1,0.437,提升
6W_楼梯坡道_建筑单专业,自由楼梯进入编辑模式,0.3,绝对值,0.4,0.5,0.5,1,0.25,提升
6W_楼梯坡道_建筑单专业,创建台阶,0.3,绝对值,0.4,―,0.5,1,0.344,正常
6W_楼梯坡道_建筑单专业,创建坡道,0.5,绝对值,0.6,―,0.5,1,0.484,提升
6W_楼梯坡道_建筑单专业,创建汽车坡道,0.0,绝对值,0.1,0.5,0.1,1,0.047,正常
6W_楼梯坡道_建筑单专业,汽车坡道进入编辑模式,0.3,绝对值,0.4,0.5,0.5,1,0.25,提升
6W_参数修改及显示过滤_链接结构,墙厚度切换类型,1.4,绝对值,1.5,0.7,0.7,1,0.891,提升
6W_参数修改及显示过滤_链接结构,门切换类型,0.2,绝对值,0.3,0.3,0.3,1,0.187,提升
6W_参数修改及显示过滤_链接结构,选择同类型墙,0.6,绝对值,0.7,1,1,1,0.39,提升
6W_参数修改及显示过滤_链接结构,框选所有,2.0,绝对值,2.3,1,1,1,1.359,提升
6W_参数修改及显示过滤_链接结构,选择过滤墙构件,0.8,绝对值,0.9,1.1,1,1,0.719,提升
6W_参数修改及显示过滤_链接结构,选择楼板隐藏所选,0.4,绝对值,0.5,1.2,0.5,1,0.234,提升
6W_参数修改及显示过滤_链接结构,进入显示/隐藏模式,2.5,绝对值,2.8,9.4,2,1,1.688,提升
6W_参数修改及显示过滤_链接结构,退出显示/隐藏模式,4.0,绝对值,4.5,6.88,1,1,3.125,提升
6W_参数修改及显示过滤_链接结构,显示全部,0.5,绝对值,1.0,,0.5,1,0.359,提升
6W_参数修改及显示过滤_链接结构,隐藏结构梁构件,0.0,绝对值,0.1,,0.3,1,0.031,正常
6W_协同环境导出_链接结构,平面视图应用视图样板,3.0,绝对值,3.3,2,2,1,2.609,提升
6W_协同环境导出_链接结构,导出B1平面视图,15.0,绝对值,20.0,10,10,1,9.063,提升
6W_协同环境导出_链接结构,导出南立面视图,10.0,绝对值,11.0,3,5,1,5.578,提升
6W_协同环境导出_链接结构,导出1-1剖面视图,1.5,绝对值,1.8,1,1,1,0.813,提升
6W_协同环境导出_链接结构,批量导出平立剖视图,21.0,绝对值,22.0,10,10,1,14.281,提升
6W_视图创建与编辑_链接结构,平面视图复制对象,0.6,绝对值,0.9,10.35,1,1,0.64,正常
6W_视图创建与编辑_链接结构,平面视图显示裁剪框,0.1,绝对值,0.2,0.3,0.3,1,0.093,提升
6W_视图创建与编辑_链接结构,平面视图视口裁剪,0.6,绝对值,0.9,3.9,0.5,1,0.516,提升
6W_视图创建与编辑_链接结构,平面视图裁剪框夹点编辑,1.0,绝对值,1.3,3.5,1,1,0.719,提升
6W_视图创建与编辑_链接结构,生成局部三维视图,0.0,绝对值,0.3,1,0.1,1,0.125,正常
6W_视图创建与编辑_链接结构,局部三维剖面框夹点编辑,0.8,绝对值,1.1,0.7,0.7,1,0.782,提升
6W_视图创建与编辑_链接结构,创建分层建筑面积视图,6.0,绝对值,6.3,,8,1,5.829,提升
6W_视图创建与编辑_链接结构,协同扣减,160.0,相对值,0.2,―,180,0,154.531,正常
6W_视图创建与编辑_链接结构,批量更新房间,8.0,绝对值,9.0,―,10,0,4.938,提升
6W_视图创建与编辑_链接结构,消隐,160.0,相对值,0.1,―,180,0,160.437,正常
6W_视图创建与编辑_链接结构,模型检查,5.5,绝对值,6.0,―,3,0,6.281,衰退
6W_门窗与图纸_链接结构,创建门窗大样图,2.0,绝对值,2.5,―,1,1,1.344,提升
6W_门窗与图纸_链接结构,门窗大样图夹点编辑,0.5,绝对值,0.8,―,0.5,1,0.359,提升
6W_门窗与图纸_链接结构,门窗大样图移动,0.3,绝对值,0.6,―,0.5,1,0.234,提升
6W_门窗与图纸_链接结构,生成标准门窗表,1.7,绝对值,2.0,―,3,1,1.312,提升
6W_门窗与图纸_链接结构,创建图纸,0.3,绝对值,0.4,―,0.5,1,0.265,提升
6W_门窗与图纸_链接结构,放置视口,0.5,绝对值,0.6,―,1,1,0.36,提升
6W_通用编辑_建筑链接全专业,全专业_平面视图视图缩放,0.5,绝对值,0.6,0.3,0.3,1,0.437,提升
6W_通用编辑_建筑链接全专业,全专业_打开三维视图,3.7,绝对值,4.0,3.7,3.7,1,2.547,提升
6W_通用编辑_建筑链接全专业,全专业_关闭平面视图,0.4,绝对值,0.7,0.2,0.5,1,0.375,提升
6W_通用编辑_建筑链接全专业,全专业_隐藏结构楼板,0.1,绝对值,0.4,6.5,0.5,1,0.328,正常
6W_通用编辑_建筑链接全专业,全专业_隐藏电气专业,0.8,绝对值,1.1,1.5,1.5,1,0.563,提升
6W_通用编辑_建筑链接全专业,全专业_打开平面视图,5.0,绝对值,5.3,2.3,6,1,3.562,提升
6W_通用编辑_建筑链接全专业,全专业_创建局部三维视图,2.5,绝对值,3.0,7.2,5,1,1.532,提升
6W_通用编辑_建筑链接全专业,全专业_切换视图比例,2.5,绝对值,2.8,1.6,1.5,1,1.796,提升
6W_通用编辑_建筑链接全专业,全专业_切换显示模式,0.2,绝对值,0.5,8.3,0.3,1,0.14,提升
6W_通用编辑_建筑链接全专业,全专业_切换可见构件范围,5.2,绝对值,5.5,5.8,8,1,3.891,提升
6W_通用编辑_建筑链接全专业,全专业_应用视图样板,9.0,绝对值,9.3,5.8,5.8,1,6.781,提升
6W_通用编辑_建筑链接全专业,全专业_应用视图样板编辑应用,3.0,绝对值,3.3,5.8,5.8,1,1.234,提升
6W_通用编辑_建筑链接全专业,全专业_导出B1平面视图,50.0,相对值,0.1,30,30,1,22.578,提升
6W_通用编辑_建筑链接全专业,全专业_保存工作单元,30.0,绝对值,35.0,10,5,1,31.329,正常
6W_通用编辑_建筑链接全专业,全专业_关闭工作单元,1.8,绝对值,2.1,2,180,1,1.313,提升
6W_协同扣减与消隐_链接结构,协同扣减,150.0,相对值,0.05,,180,1,145.719,正常
6W_协同扣减与消隐_链接结构,房间更新,8.0,绝对值,9.0,,10,1,4.859,提升
6W_协同扣减与消隐_链接结构,连接线消隐,13.0,绝对值,13.5,,60,1,13.313,正常
含山医院_单专业,含山医院_打开工作单元,69.0,绝对值,74.0,,,0,67.938,提升
含山医院_单专业,含山医院_首次打开5F平面视图,1.5,绝对值,1.8,,,0,0.953,提升
含山医院_单专业,含山医院_复制视图,2.0,绝对值,2.3,,,0,0.969,提升
含山医院_单专业,含山医院_墙夹点编辑,0.0,绝对值,0.1,,,0,0.047,正常
含山医院_单专业,含山医院_批量更新房间,2.0,绝对值,2.3,,,0,2.297,正常
含山医院_单专业,含山医院_链接结构,5.0,绝对值,5.5,,,0,4.859,提升
含山医院_单专业,含山医院_同专业链接,11.0,绝对值,12.0,,,0,9.578,提升
含山医院_单专业,含山医院_关闭工作单元,0.0,绝对值,0.1,,,0,0.0,正常
含山医院_协同环境_建筑单专业,高频_柱创建,0.1,绝对值,0.2,,0.5,0
含山医院_协同环境_建筑单专业,高频_墙创建,0.3,绝对值,0.4,,0.5,0
含山医院_协同环境_建筑单专业,高频_墙删除,0.2,绝对值,0.3,,0.5,0
含山医院_协同环境_建筑单专业,高频_墙删除undo,0.0,绝对值,0.1,,0.5,0
含山医院_协同环境_建筑单专业,高频_房间布置,0.1,绝对值,0.2,,0.5,0
含山医院_协同环境_建筑单专业,高频_房间删除,0.0,绝对值,0.1,,0.5,0
含山医院_协同环境_建筑单专业,高频_门创建,0.1,绝对值,0.2,,0.5,0
含山医院_协同环境_建筑单专业,高频_门类型切换,0.2,绝对值,0.3,,0.5,0
含山医院_协同环境_建筑单专业,高频_门删除,0.1,绝对值,0.2,,0.5,0
含山医院_协同环境_建筑单专业,高频_窗创建,0.0,绝对值,0.1,,0.5,0
含山医院_协同环境_建筑单专业,高频_窗类型切换,0.2,绝对值,0.3,,0.5,0
含山医院_协同环境_建筑单专业,高频_窗删除,0.1,绝对值,0.2,,0.5,0
含山医院_协同环境_建筑单专业,高频_楼板进入编辑模式,0.4,绝对值,0.5,,1,0
含山医院_协同环境_建筑单专业,高频_楼板退出编辑模式,0.2,绝对值,0.3,,1,0
含山医院_协同环境_建筑单专业,高频_切换视图,0.2,绝对值,0.3,,1,0
含山医院_协同环境_建筑单专业,高频_视图缩放,0.0,绝对值,0.1,,0.5,0
含山医院_协同环境_建筑单专业,高频_平面对齐标注创建,0.0,绝对值,0.1,,0.5,0
含山医院_协同环境_建筑单专业,高频_平面门窗三道尺寸创建,0.0,绝对值,0.1,,0.5,0
含山医院_协同环境_建筑单专业,高频_立面对齐标注创建,0.1,绝对值,0.2,,0.5,0
含山医院_协同环境_建筑单专业,高频_剖面对齐标注创建,0.0,绝对值,0.1,,0.5,0
含山医院_链接结构,含山医院_打开工作单元,151.0,相对值,0.1,,,0,151.672,正常
含山医院_链接结构,含山医院_结构参照更新,25.0,相对值,0.1,,,0,25.625,正常
含山医院_链接结构,含山医院_首次打开5F平面视图,1.5,绝对值,1.6,,,0,1.109,提升
含山医院_链接结构,含山医院_关闭工作单元,0.0,绝对值,0.1,,,0,0.0,正常
含山医院_全专业,含山医院_有缓存打开工作单元,240.0,相对值,0.1,,,0,242.093,正常
含山医院_全专业,含山医院_打开5F平面视图,2.2,绝对值,2.7,,,0,1.422,提升
含山医院_全专业,含山医院_打开三维视图,3.5,绝对值,4.0,,,0,1.922,提升
含山医院_全专业,含山医院_平立剖批量导出,40.0,绝对值,45.0,,,0,27.422,提升
含山医院_全专业,高频_含山医院_应用视图样板,4.0,绝对值,4.3,,5,0,2.531,提升
含山医院_全专业,高频_含山医院_视图样板对象样式修改,2.2,绝对值,2.5,,3,0,0.625,提升
含山医院_全专业,高频_含山医院_局部三维视图裁剪框夹点编辑,1.0,绝对值,1.3,,1,0,0.625,提升
含山医院_全专业,高频_含山医院_高频平立剖批量分开导出,50.0,相对值,0.1,,43,0,30.625,提升
含山医院_全专业,含山医院_关闭工作单元,2.2,绝对值,2.5,,,0,1.704,提升
儿童医院_建筑单专业,儿童医院_打开工作单元,50.0,相对值,0.1,,,0,47.922,正常
儿童医院_建筑单专业,儿童医院_首次打开2F平面视图,2.2,绝对值,2.5,,,0,1.859,提升
儿童医院_建筑单专业,儿童医院_首次打开三维视图,2.5,绝对值,3.0,,,0,1.64,提升
儿童医院_建筑单专业,儿童医院_创建幕墙,1.0,绝对值,1.1,,,0,1.0,正常
儿童医院_建筑单专业,儿童医院_幕墙进入编辑模式,0.7,绝对值,1.0,,,0,0.688,提升
儿童医院_建筑单专业,儿童医院_幕墙退出编辑模式,3.3,绝对值,3.5,,,0,3.172,提升
儿童医院_建筑单专业,儿童医院_幕墙夹点编辑,0.2,绝对值,0.3,,,0,0.156,提升
儿童医院_建筑单专业,儿童医院_幕墙面板匹配类型,0.1,绝对值,0.2,,,0,0.109,正常
儿童医院_建筑单专业,儿童医院_2F平面应用视图样板,1.6,绝对值,1.9,,,0,0.61,提升
儿童医院_建筑单专业,儿童医院_导出2F平面视图,13.0,绝对值,14.0,,,0,3.187,提升
儿童医院_建筑单专业,儿童医院_平立剖批量导出,50.0,相对值,0.05,,,0,13.5,提升
儿童医院_建筑单专业,儿童医院_关闭工作单元,0.0,绝对值,0.1,,,0,0.0,正常
3W_模型检查,模型检查_构件完全重叠_创建模型检查报告,5.28,绝对值,6.0,,,0,5.422,正常
3W_模型检查,模型检查_构件完全重叠_打开模型检查报告,1.5,绝对值,2.0,,,0,1.453,提升
3W_模型检查,模型检查_构件完全重叠_定位模块外,1.5,绝对值,1.8,,,0,1.328,提升
3W_模型检查,模型检查_构件完全重叠_定位模块内,1.4,绝对值,1.7,,,0,1.281,提升
3W_模型检查,模型检查_构件完全重叠_三维视图切换到平面视图,1.2,绝对值,1.5,,,0,0.422,提升
3W_模型检查,模型检查_构件完全重叠_刷新模型检查报告,3.0,绝对值,3.6,,,0,2.734,提升
3W_模型检查,模型检查_构件完全重叠_退出模型检查报告,1.7,绝对值,2.1,,,0,1.766,正常
3W_模型检查,模型检查_内外墙参数未定义_创建模型检查报告,5.5,绝对值,6.5,,,0,4.984,提升
3W_模型检查,模型检查_内外墙参数未定义_打开模型检查报告,2.1,绝对值,2.5,,,0,2.0,提升
3W_模型检查,模型检查_内外墙参数未定义_退出模型检查报告,1.5,绝对值,2.0,,,0,1.313,提升
3W_模型检查,模型检查_构件部分相交_创建模型检查报告,14.5,绝对值,17.4,,,0,6.765,提升
3W_模型检查,模型检查_构件部分相交_打开模型检查报告,1.8,绝对值,2.5,,,0,1.625,提升
3W_模型检查,模型检查_构件部分相交_退出模型检查报告,1.2,绝对值,1.8,,,0,1.14,提升
模型检查卡死,执行模型检查,7.4,绝对值,8.5,,,0,7.687,正常
模型检查卡,模型检查卡,14.0,绝对值,17.0,,,0,13.406,提升
模型检查卡住,模型检查卡住,6.6,绝对值,7.5,,,0,6.953,正常
创建框选索引,框选索引创建,9.0,绝对值,10.0,,,0,8.703,提升
3W_协同环境_创建打开退出模型检查报告,高频_模型检查_创建模型检查报告,24.0,相对值,0.2,,40,1,16.735,提升
3W_协同环境_创建打开退出模型检查报告,高频_模型检查_打开模型检查报告,5.0,相对值,0.2,,5,1,0.672,提升
3W_协同环境_创建打开退出模型检查报告,高频_模型检查_退出模型检查报告,3.5,相对值,0.2,,6,1,0.094,提升
3W_协同环境_创建打开退出模型检查报告,模型检查_构件完全重叠_创建模型检查报告,2.907,相对值,0.2,,5,1,3.188,正常
3W_协同环境_创建打开退出模型检查报告,模型检查_构件完全重叠_打开模型检查报告,0.204,相对值,0.2,,1,1,0.203,正常
3W_协同环境_创建打开退出模型检查报告,模型检查_构件完全重叠_退出模型检查报告,0.156,相对值,0.2,,1,1,0.109,提升
3W_协同环境_创建打开退出模型检查报告,模型检查_内外墙参数未定义_创建模型检查报告,3.922,相对值,0.2,,5,1,4.14,正常
3W_协同环境_创建打开退出模型检查报告,模型检查_内外墙参数未定义_打开模型检查报告,0.547,相对值,0.2,,1,1,0.532,正常
3W_协同环境_创建打开退出模型检查报告,模型检查_内外墙参数未定义_退出模型检查报告,0.094,绝对值,0.2,,1,1,0.094,正常
3W_协同环境_创建打开退出模型检查报告,模型检查_构件部分相交_创建模型检查报告,4.0,相对值,0.2,,5,1,4.344,正常
3W_协同环境_创建打开退出模型检查报告,模型检查_构件部分相交_打开模型检查报告,0.313,相对值,0.2,,1,1,0.313,正常
3W_协同环境_创建打开退出模型检查报告,模型检查_构件部分相交_退出模型检查报告,0.094,绝对值,0.2,,1,1,0.094,正常
3W_协同环境_模型检查报告定位模块内外,模型检查_定位模块外,1.2,相对值,0.2,,3,1,1.062,正常
3W_协同环境_模型检查报告定位模块内外,模型检查_退出定位模块外,1.8,相对值,0.2,,3,1,0.922,提升
3W_协同环境_模型检查报告定位模块内外,模型检查_定位模块内,1.2,相对值,0.2,,3,1,0.875,提升
3W_协同环境_模型检查报告定位模块内外,模型检查_退出定位模块内,1.6,相对值,0.2,,3,1,0.984,提升
3W_协同环境_区分内外墙,高频_区分内外墙_内墙快刷,0.8,相对值,0.2,,3,1,0.625,提升
3W_协同环境_区分内外墙,区分内外墙_内墙隐藏,1.2,相对值,0.2,,3,1,1.11,正常
3W_协同环境_区分内外墙,区分内外墙_智能区分内外墙,0.5,相对值,0.2,,10,1,0.39,提升
3W_协同环境_模型检查报告三维视图与平面视图切换,高频_模型检查_三维视图切换到平面视图,1.6,相对值,0.2,,4,1,0.984,提升
3W_协同环境_模型检查报告三维视图与平面视图切换,高频_模型检查_平面视图切换到三维视图,1.8,相对值,0.2,,5,1,1.078,提升
3W_协同环境_墙相交修复,高频_模型检查_刷新模型检查报告,3.5,相对值,0.2,,10,1,2.484,提升
3W_协同环境_墙相交修复,模型检查_展开构件部分相交,0.1,绝对值,0.2,,0.3,1,0.032,提升
3W_协同环境_墙相交修复,模型检查_收起构件部分相交,0.1,相对值,0.2,,0.3,1,0.031,提升
3W_协同环境_墙相交修复,模型检查_进入批量修复墙相交,3.453,相对值,0.2,,1,1,3.094,正常
3W_协同环境_墙相交修复,模型检查_点选修复墙相交,1.0,相对值,0.2,,1,1,0.829,正常
3W_协同环境_墙相交修复,模型检查_框选修复墙相交,8.5,相对值,0.2,,10,1,7.687,正常
3W_协同环境_墙相交修复,模型检查_撤销框选修复墙相交,12.0,相对值,0.2,,10,1,9.266,提升
3W_协同环境_墙相交修复,模型检查_退出批量修复墙相交,1.3,相对值,0.2,,6,1,0.891,提升
3W_协同环境_模型检查智能修复,模型检查_智能修复_构件完全重叠,5.0,相对值,0.2,,38,1,2.844,提升
6W_协同环境_区分内外墙,高频_区分内外墙_内墙快刷,1.5,相对值,0.2,,3,1,0.875,提升
6W_协同环境_区分内外墙,区分内外墙_内墙隐藏,0.3,相对值,0.2,,3,1,0.141,提升
6W_协同环境_区分内外墙,区分内外墙_智能区分内外墙,1.0,相对值,0.2,,10,1,0.765,提升
6W_协同环境_创建打开退出模型检查报告,高频_模型检查_创建模型检查报告,3.3,相对值,0.2,,10,1
6W_协同环境_创建打开退出模型检查报告,高频_模型检查_打开模型检查报告,0.6,绝对值,0.8,,3,1
6W_协同环境_创建打开退出模型检查报告,高频_模型检查_退出模型检查报告,0.5,相对值,0.5,,6,1
6W_协同环境_创建打开退出模型检查报告,模型检查_内外墙参数未定义_创建模型检查报告,1.109,相对值,0.2,,3,1
6W_协同环境_创建打开退出模型检查报告,模型检查_内外墙参数未定义_打开模型检查报告,0.468,绝对值,0.8,,1,1
6W_协同环境_创建打开退出模型检查报告,模型检查_内外墙参数未定义_退出模型检查报告,0.328,相对值,0.5,,1,1
6W_协同环境_创建打开退出模型检查报告,模型检查_构件部分相交_创建模型检查报告,0.953,相对值,0.5,,1,1
6W_协同环境_创建打开退出模型检查报告,模型检查_构件部分相交_打开模型检查报告,0.406,绝对值,0.7,,1,1
6W_协同环境_创建打开退出模型检查报告,模型检查_构件部分相交_退出模型检查报告,0.313,相对值,0.5,,1,1
6W_协同环境_创建打开退出模型检查报告,模型检查_房间不闭合或重叠_创建模型检查报告,2.219,相对值,0.2,,3,1
6W_协同环境_创建打开退出模型检查报告,模型检查_房间不闭合或重叠_打开模型检查报告,0.375,绝对值,0.5,,1,1
6W_协同环境_创建打开退出模型检查报告,模型检查_房间不闭合或重叠_退出模型检查报告,0.281,相对值,0.5,,1,1
6W_协同环境_模型检查报告定位模块内外,模型检查_定位模块外,1.0,相对值,0.2,,3,1,1.0,正常
6W_协同环境_模型检查报告定位模块内外,模型检查_退出定位模块外,0.7,绝对值,1.0,,3,1,0.64,提升
6W_协同环境_模型检查报告三维视图与平面视图切换,高频_模型检查_三维视图切换到平面视图,0.4,绝对值,0.6,,4,1,0.36,提升
6W_协同环境_模型检查报告三维视图与平面视图切换,高频_模型检查_平面视图切换到三维视图,1.6,相对值,0.2,,5,1,1.156,提升
6W_协同环境_墙相交修复,高频_模型检查_刷新模型检查报告,2.0,相对值,0.2,,10,1,0.234,提升
6W_协同环境_墙相交修复,模型检查_展开构件部分相交,0.2,相对值,0.2,,1,1,0.078,提升
6W_协同环境_墙相交修复,模型检查_收起构件部分相交,0.3,绝对值,0.4,,1,1,0.094,提升
6W_协同环境_墙相交修复,模型检查_进入批量修复墙相交,0.641,相对值,0.2,,1,1,0.64,正常
6W_协同环境_墙相交修复,模型检查_点选修复墙相交,0.2,相对值,0.2,,1,1,0.25,衰退
6W_协同环境_墙相交修复,模型检查_框选修复墙相交,2.5,相对值,0.2,,5,1,2.641,正常
6W_协同环境_墙相交修复,模型检查_撤销框选修复墙相交,1.0,相对值,0.2,,5,1,0.781,提升
6W_协同环境_墙相交修复,模型检查_退出批量修复墙相交,0.3,绝对值,0.5,,5,1,0.312,正常
3W_协同环境_模型检查报告定位模块内外_不涉及视图变化,高频_模型检查_定位模块外,0.9,相对值,0.2,,2,1,0.907,正常
3W_协同环境_模型检查报告定位模块内外_不涉及视图变化,高频_模型检查_退出定位模块外,1.5,相对值,0.2,,2,1,1.546,正常
3W_协同环境_模型检查报告定位模块内外_不涉及视图变化,高频_模型检查_定位模块内,1.3,相对值,0.2,,2,1,1.11,正常
3W_协同环境_模型检查报告定位模块内外_不涉及视图变化,高频_模型检查_退出定位模块内,2.0,相对值,0.2,,2,1,1.812,正常
6W_协同环境_模型检查报告定位模块内外_不涉及视图变化,高频_模型检查_定位模块外,0.3,相对值,0.2,,2,1,0.328,正常
6W_协同环境_模型检查报告定位模块内外_不涉及视图变化,高频_模型检查_退出定位模块外,0.3,相对值,0.2,,2,1,0.297,正常
10w_协同_视图旋转_建筑,单视图旋转45°_建筑,2.6,相对值,0.15,3.45,4,1,1.984,提升
10w_协同_导入DWG_建筑,高频_导入DWG图纸_建筑,0.22,相对值,0.1,1,0.5,1,0.219,正常
10w_协同_导入DWG_建筑,高频_框选DWG_建筑,0.1,相对值,0.1,0.5,0.5,1,0.078,提升
10w_协同_导入DWG_建筑,移动DWG_建筑,0.35,相对值,0.1,0.6,0.5,1,0.219,提升
10w_协同_导入DWG_建筑,删除DWG_建筑,0.3,相对值,0.1,0.1,0.5,1,0.265,提升
10w_协同_导入DWG_建筑,隐藏DWG_建筑,0.08,相对值,0.1,0.1,0.1,1,0.063,提升
10w_协同_导入DWG_建筑,显示DWG_建筑,0.18,相对值,0.1,0.1,0.5,1,0.203,衰退
10w_协同_导入DWG_建筑,打开有DWG图纸的视图_建筑,0.8,相对值,0.15,1.5,1.5,1,0.812,正常
10w_协同_导入DWG_建筑,关闭有DWG图纸的视图_建筑,0.1,相对值,0.1,0.1,0.2,1,0.078,提升
10w_协同_导出DWG地下_建筑,导出dwg_地下,10.16,相对值,0.15,12.5,15,1,8.953,正常
10w_协同_导出PDF地下_建筑,导出PDF_地下,11.29,相对值,0.15,7.36,15,1,10.062,正常
10w_协同_CAD转化_建筑,转化DWG_建筑,5.5,相对值,0.15,31.15,31,0,5.094,正常
10w_协同_标注和二维对象_建筑,高频_对齐标注,1.0,相对值,0.1,7.86,8,1,0.421,提升
10w_协同_标注和二维对象_建筑,高频_线性标注,0.6,相对值,0.1,1.5,1.5,1,0.469,提升
10w_协同_标注和二维对象_建筑,高频_标高标注,0.18,相对值,0.1,0.1,0.2,1,0.172,正常
10w_协同_标注和二维对象_建筑,高频_框选索引,0.7,相对值,0.1,0.1,1.5,1,0.906,衰退
10w_协同_标注和二维对象_建筑,高频_引出标注,0.59,相对值,0.1,0.17,0.6,1,0.547,正常
10w_协同_标注和二维对象_建筑,高频_表格,4.5,相对值,0.1,0.1,5,1,4.5,正常
10w_协同_标注和二维对象_建筑,高频_文字,0.5,相对值,0.1,3,3,1,0.453,正常
10w_协同_标注和二维对象_建筑,高频_二维线,0.4,相对值,0.1,6,6,1,0.391,正常
10w_协同_标注和二维对象_建筑,高频_填充,0.4,相对值,0.1,0.1,2,1,0.36,正常
10w_协同_标注和二维对象_建筑,高频_复制,0.2,相对值,0.1,0.1,0.5,1,0.172,提升
10w_协同_标注和二维对象_建筑,高频_移动,0.15,相对值,0.1,0.1,0.5,1,0.109,提升
10w_协同_标注和二维对象_建筑,高频_镜像,0.15,相对值,0.1,0.1,0.5,1,0.141,正常
10w_协同_标注和二维对象_建筑,高频_删除,0.1,相对值,0.1,0.1,0.5,1,0.094,正常
10w_协同_标注和二维对象_建筑,高频_跨楼层复制注释对象,3.3,相对值,0.1,7.7,8,0,3.156,正常
10W_协同项目打开参照,高频_有缓存打开工作单元,62.25,相对值,0.2,43.3,60,1,43.532,提升
10W_协同项目打开参照,同专业参照更新,10.15,相对值,0.2,4.7,10,1,7.578,提升
10W_协同项目打开参照,高频_结构参照更新,12.64,相对值,0.2,10.2,10,1,9.36,提升
10W_协同项目打开参照,机电参照更新,7.5,相对值,0.2,14.5,10,1,9.031,衰退
10W_协同项目视图创建编辑,高频_首次打开平面视图,4.39,相对值,0.2,3.7,3.7,1,4.922,正常
10W_协同项目视图创建编辑,高频_首次打开三维视图,16.2,相对值,0.2,18,18,1,14.234,正常
10W_协同项目视图创建编辑,高频_首次打开立面视图,19.0,相对值,0.2,3.7,12,1,19.359,正常
10W_协同项目视图创建编辑,高频_首次打开剖面视图,9.31,相对值,0.2,4.2,4.2,1,7.516,正常
10W_协同项目视图创建编辑,高频_切换视图,0.7,相对值,0.2,0.8,0.8,1,0.531,提升
10W_协同项目视图创建编辑,高频_创建局部三维视图,0.5,相对值,0.2,10,10,1,0.343,提升
10W_协同项目视图创建编辑,高频_创建剖面视图符号,0.73,相对值,0.2,4.7,4.7,1,0.485,提升
10W_协同项目视图创建编辑,高频_裁剪框编辑,1.39,相对值,0.2,5,3,1,0.313,提升
10W_协同项目视图创建编辑,高频_视图复制,4.57,相对值,0.2,14.2,14.2,1,4.187,正常
10W_协同项目视图创建编辑,高频_视图比例,4.05,相对值,0.2,6.8,6.8,1,3.297,正常
10W_协同项目视图创建编辑,显示模式,0.45,相对值,0.2,1.7,1.7,1,0.312,提升
10W_协同项目视图创建编辑,隔离所选,0.8,相对值,0.2,0.8,5,1,0.484,提升
10W_协同项目视图创建编辑,工作图导入DWG,2.12,相对值,0.2,,15.5,1,1.641,提升
10W_协同项目构件创建编辑,高频_轴号隐藏,0.31,相对值,0.2,0.2,0.2,1,0.266,正常
10W_协同项目构件创建编辑,高频_轴线夹点编辑,0.13,相对值,0.2,0.3,0.3,1,0.11,正常
10W_协同项目构件创建编辑,高频_批量调整轴线,0.13,相对值,0.2,0.3,0.3,1,0.125,正常
10W_协同项目构件创建编辑,高频_墙夹点编辑,0.19,相对值,0.2,0.3,0.3,1,0.172,正常
10W_协同项目构件创建编辑,高频_扣减后墙夹点编辑,0.58,相对值,0.2,3.6,3.6,1,0.484,正常
10W_协同项目构件创建编辑,高频_创建房间,0.29,相对值,0.2,0.3,0.3,1,0.203,提升
10W_协同项目构件创建编辑,高频_门窗表夹点编辑,0.98,相对值,0.2,1,1,1,0.953,正常
10W_协同项目构件创建编辑,合并单元格,0.76,相对值,0.2,1,1,1,0.718,正常
10W_协同项目构件创建编辑,高频_更新门窗表,5.0,相对值,0.2,1,3,1,5.75,正常
10W_协同项目构件创建编辑,高频_视图样板编辑,5.0,相对值,0.2,5.67,12,1,3.375,提升
10W_协同项目构件创建编辑,高频_视图对象样式编辑,3.0,相对值,0.2,3,3,1,2.093,提升
10W_协同项目构件创建编辑,高频_保存工作单元,4.82,相对值,0.2,7,15,1,4.297,正常
10W_协同项目构件创建编辑,标高尺寸标注,0.76,相对值,0.2,,1,1,0.031,提升
10W_协同项目构件创建编辑,门窗尺寸标注,0.14,相对值,0.2,,1,1,0.125,正常
10W_协同项目构件创建编辑,外部尺寸标注,1.05,相对值,0.2,,1,1,0.094,提升
10W_协同项目构件创建编辑,高频_创建图纸,2.49,相对值,0.2,1.1,1.5,1,0.11,提升
10W_协同项目构件创建编辑,高频_放置视口,0.32,相对值,0.2,9,9,1,0.188,提升
10W_协同项目构件创建编辑,选择过滤,0.79,相对值,0.2,1,1,1,0.703,正常
10W_协同项目协同编辑,高频_协同扣减,17.0,相对值,0.2,,60,1,17.703,正常
10W_协同项目协同编辑,连接线消隐,35.0,相对值,0.2,,60,1,35.453,正常
10W_单机版视图创建编辑,高频_首次打开平面视图,4.938,相对值,0.2,,3.7,1,4.485,正常
10W_单机版视图创建编辑,高频_首次打开三维视图,11.703,相对值,0.2,,18,1,7.109,提升
10W_单机版视图创建编辑,高频_首次打开立面视图,12.0,相对值,0.2,,12,1,13.516,正常
10W_单机版视图创建编辑,高频_首次打开剖面视图,6.521,相对值,0.2,,4.2,1,4.593,提升
10W_单机版视图创建编辑,高频_切换视图,4.516,相对值,0.2,,0.8,1,0.703,提升
10W_单机版视图创建编辑,高频_创建局部三维视图,0.713,相对值,0.2,,10,1,0.344,提升
10W_单机版视图创建编辑,高频_视图复制,15.427,相对值,0.2,,14.2,1,8.937,提升
10W_单机版视图创建编辑,高频_创建剖面视图符号,2.213,相对值,0.2,,4.7,1,1.407,提升
10W_单机版视图创建编辑,高频_裁剪框编辑,1.375,相对值,0.2,,3,1,1.0,提升
10W_单机版视图创建编辑,高频_视图比例,4.396,相对值,0.2,,6.8,1,3.922,正常
10W_单机版视图创建编辑,显示模式,1.177,相对值,0.2,,1.7,1,0.563,提升
10W_单机版视图创建编辑,隔离所选,9.323,相对值,0.2,,5,1,2.594,提升
10W_单机版视图创建编辑,工作图导入DWG,3.74,相对值,0.2,,15.5,1,0.282,提升
10W_单机版构件创建编辑,高频_协同扣减,68.0,相对值,0.2,,60,1,61.203,正常
10W_单机版构件创建编辑,高频_轴号隐藏,8.901,相对值,0.2,,0.2,1,6.297,提升
10W_单机版构件创建编辑,高频_轴线夹点编辑,1.14,相对值,0.2,,0.3,1,0.235,提升
10W_单机版构件创建编辑,高频_批量调整轴线,4.526,相对值,0.2,,0.3,1,2.906,提升
10W_单机版构件创建编辑,高频_墙夹点编辑,2.537,相对值,0.2,,0.3,1,1.421,提升
10W_单机版构件创建编辑,高频_扣减后墙夹点编辑,3.052,相对值,0.2,,3.6,1,2.078,提升
10W_单机版构件创建编辑,高频_幕墙杆件切换,0.958,相对值,0.2,,10,1,0.766,正常
10W_单机版构件创建编辑,高频_创建房间,0.76,相对值,0.2,,0.3,1,0.516,提升
10W_单机版构件创建编辑,连接线消隐,21.0,相对值,0.2,,60,1,20.672,正常
10W_单机版构件创建编辑,高频_门窗表夹点编辑,1.323,相对值,0.2,,1,1,22.766,衰退
10W_单机版构件创建编辑,合并单元格,0.802,相对值,0.2,,1,1,0.703,正常
10W_单机版构件创建编辑,高频_更新门窗表,45.0,相对值,0.2,,3,1,40.031,正常
10W_单机版构件创建编辑,高频_视图样板编辑,7.104,相对值,0.2,,12,1,3.859,提升
10W_单机版构件创建编辑,高频_视图对象样式编辑,0.276,相对值,0.2,,3,1,0.282,正常
10W_单机版构件创建编辑,标高尺寸标注,1.76,相对值,0.2,,1,1,0.782,提升
10W_单机版构件创建编辑,外部尺寸标注,8.063,相对值,0.2,,1,1,6.391,提升
10W_单机版构件创建编辑,门窗尺寸标注,0.312,相对值,0.2,,1,1,0.282,正常
10W_单机版构件创建编辑,高频_创建图纸,0.218,相对值,0.2,,1.5,1,0.218,正常
10W_单机版构件创建编辑,高频_放置视口,0.584,相对值,0.2,,9,1,0.234,提升
10W_单机版构件创建编辑,选择过滤,1.464,相对值,0.2,,1,1,1.406,正常
10W_单机版跨专业更新,机电参照更新,47.287,相对值,0.2,,10,0,96.57900000000001,衰退
10W_单机版跨专业更新,结构参照更新,44.271,相对值,0.2,,10,0,204.75,衰退
10w_单机_标注和二维对象_建筑,高频_表格_单机版,3.5,相对值,0.15,,5,1,2.391,提升
10w_单机_导出pdf_建筑,高频_导出PDF_地上平面_单机版,5.0,相对值,0.15,,6,1,5.094,正常
3W_裁剪框拆分折叠合并性能测试,裁剪框拆分,0.9,相对值,0.2,,2,1,0.75,正常
3W_裁剪框拆分折叠合并性能测试,精准折叠,0.4,相对值,0.2,,2,1,0.359,正常
3W_裁剪框拆分折叠合并性能测试,合并裁剪分区,0.3,相对值,0.2,,2,1,0.282,正常
3W_协同环境_保温层面层创建覆盖创建操作,保温面层创建连续面hover及创建,2.4,相对值,0.2,,3,1,0.953,提升
3W_协同环境_保温层面层创建覆盖创建操作,保温面层创建单一面,0.2,相对值,0.2,,1,1,0.109,提升
3W_协同环境_保温层面层创建覆盖创建操作,高频_保温面层创建连续面创建,0.9,相对值,0.2,,1,1,0.062,提升
3W_协同环境_保温层面层创建覆盖创建操作,保温面层创建构件面,0.078,绝对值,0.2,,1,1,0.062,提升
3W_协同环境_保温层面层创建覆盖创建操作,保温面层覆盖单一面,0.063,相对值,0.2,,1,1,0.047,提升
3W_协同环境_保温层面层创建覆盖创建操作,保温面层覆盖连续面,1.0,相对值,0.2,,1,1,0.375,提升
3W_协同环境_保温层面层创建覆盖创建操作,保温面层覆盖构件面,0.078,相对值,0.2,,1,1,0.046,提升
3W_协同环境_保温层面层创建覆盖创建操作,高频_保温面层删除,0.687,绝对值,1.0,,1,1,0.25,提升
3W_协同环境_保温层面层一键更新,保温面层面层更新,2.5,相对值,0.2,,3,1,0.219,提升
3W_协同环境_房间修复,放置房间显示错误,0.062,相对值,0.2,,1,1,0.031,提升
3W_协同环境_房间修复,放置房间完成修复,0.6,相对值,0.2,,1,1,0.312,提升
3W_协同环境_房间做法,高频_房间做法打开面板,0.485,相对值,0.2,,1,1,0.14,提升
3W_协同环境_房间做法,高频_房间做法关闭面板,0.5,相对值,0.2,,1,1,0.188,提升
3W_协同环境_导出GFC,高频_导出GFC,55.204,绝对值,60.0,,60,1,50.359,提升
6W_协同环境_导出GFC,高频_导出GFC,11.422,相对值,0.2,,60,1
10W_单机版_区分内外墙,区分内外墙_内墙快刷,1.844,相对值,0.2,,3,1,0.797,提升
10W_单机版_区分内外墙,区分内外墙_内墙隐藏,1.937,相对值,0.2,,3,1,1.265,提升
10W_单机版_区分内外墙,区分内外墙_智能区分内外墙,2.828,相对值,0.2,,10,1,0.141,提升
10W_单机版_创建打开退出模型检查报告,高频_模型检查_创建模型检查报告,32.297,相对值,0.2,,40,1,30.5,正常
10W_单机版_创建打开退出模型检查报告,高频_模型检查_打开模型检查报告,2.0,相对值,0.2,,5,1,1.563,提升
10W_单机版_创建打开退出模型检查报告,高频_模型检查_退出模型检查报告,2.0,相对值,0.2,,10,1,1.359,提升
10W_单机版_创建打开退出模型检查报告,模型检查_构件部分相交_创建模型检查报告,6.218,相对值,0.2,,10,1,7.141,正常
10W_单机版_创建打开退出模型检查报告,模型检查_构件部分相交_打开模型检查报告,1.485,相对值,0.2,,3,1,1.516,正常
10W_单机版_创建打开退出模型检查报告,模型检查_构件部分相交_退出模型检查报告,1.313,相对值,0.2,,3,1,1.359,正常
10W_单机版_创建打开退出模型检查报告,模型检查_构件完全重叠_创建模型检查报告,6.687,相对值,0.2,,10,1,6.797,正常
10W_单机版_创建打开退出模型检查报告,模型检查_构件完全重叠_打开模型检查报告,1.453,相对值,0.2,,3,1,1.484,正常
10W_单机版_创建打开退出模型检查报告,模型检查_构件完全重叠_退出模型检查报告,2.0,相对值,0.2,,3,1,1.375,提升
10W_单机版_创建打开退出模型检查报告,模型检查_房间不闭合或重叠_创建模型检查报告,7.859,相对值,0.2,,10,1,7.859,正常
10W_单机版_创建打开退出模型检查报告,模型检查_房间不闭合或重叠_打开模型检查报告,1.453,相对值,0.2,,3,1,1.485,正常
10W_单机版_创建打开退出模型检查报告,模型检查_房间不闭合或重叠_退出模型检查报告,1.328,相对值,0.2,,3,1,1.375,正常
10W_单机版_模型检查报告定位模块内外,模型检查_定位模块外_涉及视图变化,4.8,相对值,0.2,,10,1,3.766,提升
10W_单机版_模型检查报告定位模块内外,模型检查_退出定位模块外_涉及视图变化,4.5,相对值,0.2,,10,1,3.046,提升
10W_单机版_模型检查报告定位模块内外,模型检查_定位模块内_涉及视图变化,5.5,相对值,0.2,,10,1,4.531,正常
10W_单机版_模型检查报告定位模块内外,模型检查_退出定位模块内_涉及视图变化,7.5,相对值,0.2,,10,1,5.375,提升
10W_单机版_模型检查报告定位模块内外,高频_模型检查_定位模块外_不涉及视图变化,2.8,相对值,0.2,,10,1,2.359,正常
10W_单机版_模型检查报告定位模块内外,高频_模型检查_退出定位模块外_不涉及视图变化,4.1,相对值,0.2,,10,1,2.969,提升
10W_单机版_模型检查报告定位模块内外,高频_模型检查_定位模块内_不涉及视图变化,4.0,相对值,0.2,,10,1,3.234,正常
10W_单机版_模型检查报告定位模块内外,高频_模型检查_退出定位模块内_不涉及视图变化,4.5,相对值,0.2,,10,1,3.328,提升
10W_单机版_模型检查报告三维视图与平面视图切换,高频_模型检查_三维视图切换到平面视图,2.5,相对值,0.2,,5,1,1.891,提升
10W_单机版_模型检查报告三维视图与平面视图切换,高频_模型检查_平面视图切换到三维视图,2.0,相对值,0.2,,5,1,1.235,提升
10W_单机版_墙相交修复,高频_模型检查_刷新模型检查报告,1.0,相对值,0.2,,10,1,0.656,提升
10W_单机版_墙相交修复,模型检查_展开构件部分相交,0.1,相对值,0.2,,1,1,0.016,提升
10W_单机版_墙相交修复,模型检查_收起构件部分相交,0.1,相对值,0.2,,1,1,0.031,提升
10W_单机版_墙相交修复,模型检查_进入批量修复墙相交,2.953,相对值,0.2,,1,1,3.172,正常
10W_单机版_墙相交修复,模型检查_点选修复墙相交,4.359,相对值,0.2,,1,1,4.156,正常
10W_单机版_墙相交修复,模型检查_框选修复墙相交,10.125,相对值,0.2,,3,1,10.985,正常
10W_单机版_墙相交修复,模型检查_撤销框选修复墙相交,14.859,相对值,0.2,,3,1,13.735,正常
10W_单机版_墙相交修复,模型检查_退出批量修复墙相交,2.0,相对值,0.2,,10,1,1.453,提升
10W_单机版_模型检查智能修复,模型检查_智能修复,0.516,相对值,0.2,,21.5,1,0.25,提升
10W_单机版_导出GFC,高频_导出GFC链接结构,51.265,绝对值,60.0,,60,1
10w_单机_二维对象_建筑,二维线,0.8,相对值,0.15,,3,0,0.734,正常
10w_单机_二维对象_建筑,复制二维对象,0.4,相对值,0.15,,0.5,0,0.375,正常
10w_单机_批量导出DWG_建筑,批量导出DWG,120.0,相对值,0.1,,150,0,96.422,提升
10w_单机_批量导出PDF_建筑,批量导出PDF,85.0,相对值,0.1,,150,0,66.406,提升
10w_单机_导出dwg_建筑,高频_导出dwg_地上立面,93.0,相对值,0.1,50,60,1,55.89,提升
10w_单机_标注和二维对象_建筑,跨楼层复制注释对象_单机版,1.0,相对值,0.1,7.7,8,0,0.984,正常
10w_协同_导出DWG_建筑,高频_导出dwg_地上立面,18.0,相对值,0.1,,20,0,20.594,衰退
10w_协同_导出DWG_建筑,导出dwg_地上平面,7.0,相对值,0.1,,6,0,8.125,衰退
10w_协同_导出DWG_建筑,导出dwg_地上批量导出,40.0,相对值,0.1,,60,0,35.938,提升
10w_协同_导出PDF_建筑,高频_导出PDF_地上立面,25.0,相对值,0.1,,20,0,23.656,正常
10w_协同_导出PDF_建筑,高频_导出PDF_地上平面,8.0,相对值,0.1,,8,0,9.063,衰退
10w_协同_导出PDF_建筑,导出PDF_地上批量导出,33.0,相对值,0.1,,60,0,31.641,正常
6W_协同_尺寸标注显隐_裁剪框编辑,批量隐藏轴网,0.23,绝对值,0.4,0.1,0.5,0,0.187,提升
6W_协同_尺寸标注显隐_裁剪框编辑,打开模型裁剪框,0.44,绝对值,0.5,4,5,0,0.422,提升
6W_协同_尺寸标注显隐_裁剪框编辑,打开注释裁剪框,0.55,绝对值,0.7,4.7,5,0,0.484,提升
6W_协同_尺寸标注显隐_裁剪框编辑,裁剪框夹点拖拽,1.85,绝对值,2.0,5,5,0,1.594,提升
6W_协同_尺寸标注显隐_裁剪框编辑,拖拽移动墙,0.95,绝对值,1.5,0.1,0.5,0,0.844,提升
6W_协同_尺寸标注显隐_裁剪框编辑,移动命令移动墙,0.26,绝对值,0.4,0.1,0.5,0,0.172,提升
6W_建筑多边形裁剪框编辑移动,多边形裁剪框移动,0.8,相对值,0.2,,2,0,0.703,正常
6W_建筑多边形裁剪框编辑移动,移动注释裁剪框,0.8,相对值,0.2,,2,0,0.781,正常
6W_建筑多边形裁剪框编辑移动,确定裁剪框轮廓编辑,1.0,相对值,0.2,,2,0,0.906,正常
6W_单机_DWG转化_三维视图剖切框,DWG转化,5.0,相对值,0.1,33,15,0,5.297,正常
6W_单机_DWG转化_三维视图剖切框,三维视图显示剖切框,0.15,相对值,0.1,5,5,0,0.109,提升
6W_单机_DWG转化_三维视图剖切框,三维视图拖拽剖切框裁剪,0.05,相对值,0.1,4.5,5,0,0.032,提升
6W_单机_建筑多段线夹点选择,选中1000夹点多段线,1.0,相对值,0.1,0.1,0.5,0,0.125,提升
6W_单机_建筑视口编辑,创建带图框图纸,0.2,相对值,0.1,0.1,0.5,0,0.219,正常
6W_单机_建筑视口编辑,放置视口,1.4,相对值,0.1,4.2,5,0,1.375,正常
6W_单机_建筑视口编辑,移动视口,0.08,相对值,0.1,0.1,0.5,0,0.047,提升
6W_单机_建筑视口编辑,删除视口,0.06,相对值,0.1,0.1,0.5,0,0.047,提升
6W_协同_DWG转化_三维视图剖切框,DWG转化,6.0,相对值,0.1,33,15,0,5.719,正常
6W_协同_DWG转化_三维视图剖切框,三维视图显示剖切框,0.15,相对值,0.1,5,5,0,0.14,正常
6W_协同_DWG转化_三维视图剖切框,三维视图拖拽剖切框裁剪,0.1,相对值,0.1,4.5,5,0,0.079,提升
6W_协同_建筑多段线夹点选择,选中1000夹点多段线,1.0,相对值,0.1,0.1,0.5,0,0.141,提升
6W_协同_建筑视口编辑,创建带图框图纸,0.2,相对值,0.1,0.1,0.5,0,0.188,正常
6W_协同_建筑视口编辑,放置视口,1.4,相对值,0.1,4.2,5,0,1.422,正常
6W_协同_建筑视口编辑,移动视口,0.06,相对值,0.1,0.1,0.5,0,0.063,正常
6W_协同_建筑视口编辑,删除视口,0.05,相对值,0.1,0.1,0.5,0,0.047,正常
