测试脚本名称,性能检查点, 标准时间,超时标准,超时上限,竞品值,容忍值,业务场景,实测值,结果,是否达标
3W_协同性能结构_关键指标,高频_首次打开工作单元时间（有缓存）,10.0,百分比,0.2,NULL,25,1,5.937,提升,达标
3W_协同性能结构_关键指标,高频_切换视图2,0.15,绝对值,0.2,1,0.5,1,0.094,提升,达标
3W_协同性能结构_关键指标,高频_切换视图比例,0.45,百分比,0.9,1.5,2,1,0.39,正常,达标
3W_协同性能结构_关键指标,高频_绘制填充（进入编辑）,0.15,绝对值,0.3,1,0.55,1,0.047,提升,达标
3W_协同性能结构_关键指标,高频_绘制填充（结束编辑）,0.15,绝对值,0.2,1,0.55,1,0.078,提升,达标
3W_协同性能结构_关键指标,高频_二次编辑填充（进入编辑）,0.15,绝对值,0.2,1,0.55,1,0.031,提升,达标
3W_协同性能结构_关键指标,高频_二次编辑填充（结束编辑）,0.15,绝对值,0.3,1,0.55,1,0.141,提升,达标
3W_协同性能结构_关键指标,高频_文字编辑（进入编辑模式）,0.15,绝对值,0.2,1,0.2,1,0.078,提升,达标
3W_协同性能结构_关键指标,高频_文字编辑（结束编辑模式）,0.15,绝对值,0.2,1,0.55,1,0.047,提升,达标
3W_协同性能结构_关键指标,高频_撤销文字编辑,0.6,绝对值,0.7,1,0.55,1,0.031,提升,达标
3W_协同性能结构_关键指标,高频_尺寸标注（拖动标注）,0.05,绝对值,0.1,1,0.35,1,0.016,提升,达标
3W_协同性能结构_关键指标,高频_尺寸标注（拖动文字）,0.05,绝对值,0.1,1,0.1,1,0.031,提升,达标
3W_协同性能结构_关键指标,高频_撤销尺寸标注（文字拖动）,0.05,绝对值,0.1,1,0.55,1,0.031,提升,达标
3W_协同性能结构_关键指标,高频_视图缩放,0.05,绝对值,0.1,1,0.1,1,0.016,提升,达标
3W_协同性能结构_关键指标,高频_梁标签文字编辑（进入编辑模式）,0.3,绝对值,0.35,1,0.3,1,0.125,提升,达标
3W_协同性能结构_关键指标,高频_梁标签文字编辑（结束编辑模式）,0.1,绝对值,0.25,1,0.3,1,0.109,正常,达标
3W_协同性能结构_关键指标,高频_撤销梁标签文字编辑,0.1,绝对值,0.25,1,0.3,1,0.015,提升,达标
3W_协同性能结构_关键指标,高频_梁标签挪动（集中不跨）,0.1,绝对值,0.2,1,0.2,1,0.047,提升,达标
3W_协同性能结构_关键指标,高频_撤销梁标签挪动(集中),0.1,绝对值,0.25,1,0.35,1,0.016,提升,达标
3W_协同性能结构_关键指标,高频_梁标签挪动（原位跨）,0.1,绝对值,0.25,1,0.3,1,0.032,提升,达标
3W_协同性能结构_关键指标,高频_撤销梁标签挪动3（原位跨）,0.1,绝对值,0.3,1,0.55,1,0.016,提升,达标
3W_协同性能结构_关键指标,高频_梁标签挪动（原位不跨）,0.1,绝对值,0.3,1,0.2,1,0.031,提升,达标
3W_协同性能结构_关键指标,高频_撤销梁标签挪动2（原位不跨）,0.1,绝对值,0.25,1,0.35,1,0.031,提升,达标
3W_协同性能结构_关键指标,高频_梁对齐（出对齐结果）,0.5,绝对值,0.5,2,0.5,1,0.344,提升,达标
3W_协同性能结构_关键指标,高频_梁复制粘贴,0.3,绝对值,0.4,1,0.5,1,0.109,提升,达标
3W_协同性能结构_关键指标,高频_梁空间位置编辑（单个）,0.3,绝对值,0.35,2,0.4,1,0.094,提升,达标
3W_协同性能结构_关键指标,高频_柱标签文字编辑（进入编辑模式）,0.1,绝对值,0.25,1,0.3,1,0.078,提升,达标
3W_协同性能结构_关键指标,高频_柱标签文字编辑（结束编辑模式）,0.1,绝对值,0.25,1,0.3,1,0.078,提升,达标
3W_协同性能结构_关键指标,高频_柱标签挪动,0.1,绝对值,0.1,1,0.15,1,0.016,提升,达标
3W_协同性能结构_关键指标,高频_撤销柱标签挪动,0.1,绝对值,0.3,1,0.55,1,0.016,提升,达标
3W_协同性能结构_关键指标,高频_撤销墙标签文字编辑,0.1,绝对值,0.25,1,0.3,1,0.015,提升,达标
3W_协同性能结构_非关键指标,放置基础构件,0.3,绝对值,0.5,NULL,1,0,0.172,提升,达标
3W_协同性能结构_非关键指标,移动梁-参照建筑,0.5,绝对值,0.6,NULL,1,1,0.36,提升,达标
3W_协同性能结构_非关键指标,批量对齐墙-参照建筑,1.0,百分比,0.2,NULL,2,1,0.688,提升,达标
3W_协同性能结构_非关键指标,复制梁-参照建筑,0.4,绝对值,0.6,NULL,1,1,0.156,提升,达标
3W_协同性能结构_非关键指标,楼板编辑（进入二次编辑）-参照建筑,0.2,绝对值,0.4,NULL,1,1,0.094,提升,达标
3W_协同性能结构_非关键指标,标准层移动梁构件,0.4,绝对值,0.6,NULL,0.5,0,0.203,提升,达标
3W_协同性能结构_非关键指标,标准层楼板编辑（进入二次编辑）,0.2,绝对值,0.4,NULL,0.55,0,0.062,提升,达标
3W_协同性能结构_非关键指标,标准层楼板编辑（结束二次编辑）,0.65,百分比,0.5,NULL,0.55,0,0.625,正常,不达标
3W_协同性能结构_非关键指标,标准层梁对齐（出对齐结果）,0.15,绝对值,0.2,NULL,0.5,0,0.078,提升,达标
3W_协同性能结构_非关键指标,标准层梁复制粘贴,0.2,绝对值,0.4,NULL,0.5,0,0.156,提升,达标
3W_协同性能结构_非关键指标,标准层梁删除,0.15,绝对值,0.3,NULL,0.5,0,0.141,提升,达标
3W_协同性能结构_非关键指标,标准层梁创建,0.2,绝对值,0.42,NULL,0.5,0,0.156,提升,达标
3W_协同性能结构_非关键指标,标准层梁属性编辑（不改几何空间）,0.1,绝对值,0.15,NULL,0.2,0,0.046,提升,达标
3W_协同性能结构_非关键指标,标准层梁类型参数替换,0.3,绝对值,0.45,NULL,0.6,1,0.188,提升,达标
3W_协同性能结构_非关键指标,标准层梁夹点拖动,0.4,绝对值,0.5,NULL,0.5,0,0.297,提升,达标
3W_协同性能结构_非关键指标,标准层梁空间位置编辑（单个）,0.2,绝对值,0.36,NULL,0.5,0,0.141,提升,达标
3W_协同性能结构_非关键指标,标准层板洞创建（生成板洞）,0.6,百分比,0.2,NULL,0.6,0,0.469,提升,达标
3W_协同性能结构_非关键指标,标准层楼板标高升降,0.1,绝对值,0.15,NULL,0.2,0,0.031,提升,达标
3W_协同性能结构_非关键指标,标准层墙移动,0.35,百分比,0.2,NULL,0.55,0,0.219,提升,达标
3W_协同性能结构_非关键指标,标准层墙创建,0.3,绝对值,0.45,NULL,0.55,0,0.156,提升,达标
3W_协同性能结构_非关键指标,标准层墙对齐（出对齐结果）,0.3,绝对值,0.45,NULL,0.5,0,0.141,提升,达标
3W_协同性能结构_非关键指标,标准层墙复制粘贴,0.3,绝对值,0.45,NULL,0.5,0,0.172,提升,达标
3W_协同性能结构_非关键指标,标准层墙属性编辑（不改几何空间）,0.05,绝对值,0.1,NULL,0.2,0,0.031,提升,达标
3W_协同性能结构_非关键指标,标准层墙类型参数替换,0.25,绝对值,0.3,NULL,0.4,1,0.156,提升,达标
3W_协同性能结构_非关键指标,标准层墙空间位置编辑（单个）,0.25,绝对值,0.3,NULL,0.35,0,0.141,提升,达标
3W_协同性能结构_非关键指标,标准层墙夹点拖动,0.4,百分比,0.2,NULL,0.5,0,0.297,提升,达标
3W_协同性能结构_非关键指标,标准层墙修角,0.4,绝对值,0.5,NULL,0.5,0,0.219,提升,达标
3W_协同性能结构_非关键指标,标准层柱复制粘贴,0.35,绝对值,0.5,NULL,0.55,0,0.187,提升,达标
3W_协同性能结构_非关键指标,标准层柱创建,0.35,绝对值,0.48,NULL,0.55,0,0.219,提升,达标
3W_协同性能结构_非关键指标,标准层柱空间位置编辑（单个）,0.35,绝对值,0.45,NULL,0.55,0,0.172,提升,达标
3W_协同性能结构_非关键指标,标准层柱类型参数替换,0.3,绝对值,0.4,NULL,0.55,1,0.157,提升,达标
3W_协同性能结构_非关键指标,标准层柱移动,0.3,绝对值,0.45,NULL,0.5,0,0.188,提升,达标
3W_协同性能结构_非关键指标,标准层柱对齐（出对齐结果）,0.2,绝对值,0.4,NULL,0.5,0,0.141,提升,达标
3W_协同性能结构_非关键指标,标准层柱属性编辑（不改几何空间）,0.15,绝对值,0.17,NULL,0.2,0,0.032,提升,达标
3W_协同性能结构_非关键指标,标准层梁延伸,0.15,绝对值,0.24,NULL,0.25,0,0.109,提升,达标
3W_协同性能结构_非关键指标,标准层柱标签挪动,0.05,绝对值,0.1,NULL,0.15,0,0.047,提升,达标
3W_协同性能结构_非关键指标,标准层撤销柱标签挪动,0.6,绝对值,0.7,NULL,0.55,0,0.047,提升,达标
3W_协同性能结构_非关键指标,同步板洞,2.0,百分比,0.2,NULL,60,1,1.562,提升,达标
3W_协同性能结构_非关键指标,创建视图,0.75,百分比,0.2,NULL,3,0,0.656,正常,达标
3W_协同性能结构_非关键非标准层指标,高频_初次打开平面视图,0.65,百分比,0.2,NULL,3,1,0.5,提升,达标
3W_协同性能结构_非关键非标准层指标,高频_初次打开立面视图,1.0,百分比,0.2,NULL,3,1,0.765,提升,达标
3W_协同性能结构_非关键非标准层指标,高频_初次打开剖面视图,1.0,百分比,0.2,NULL,3,1,0.734,提升,达标
3W_协同性能结构_非关键非标准层指标,高频_切换视图-非首次切换,0.25,绝对值,0.6,NULL,2,1,0.203,提升,达标
3W_协同性能结构_非关键非标准层指标,显示CAD（底图）挪动构件,0.8,百分比,0.2,NULL,1,1,0.562,提升,达标
3W_协同性能结构_非关键非标准层指标,切换线宽模式,0.25,绝对值,0.6,NULL,1.1,1,0.141,提升,达标
3W_协同性能结构_非关键非标准层指标,跨楼层复制粘贴,1.0,百分比,0.2,NULL,1.05,1,0.719,提升,达标
3W_协同性能结构_非关键非标准层指标,视图对象样式设置对话框弹出,0.6,百分比,0.2,NULL,1.05,1,0.547,正常,达标
3W_协同性能结构_非关键非标准层指标,视图对象样式设置生效,1.0,百分比,0.2,NULL,2.2,1,0.234,提升,达标
3W_协同性能结构_非关键非标准层指标,框选大量构件,0.2,绝对值,0.5,NULL,1.05,1,0.109,提升,达标
3W_协同性能结构_非关键非标准层指标,应用视图样板,1.5,百分比,0.2,NULL,2.5,1,0.422,提升,达标
3W_协同性能结构_非关键非标准层指标,移动梁,0.2,绝对值,0.3,NULL,0.55,1,0.125,提升,达标
3W_协同性能结构_非关键非标准层指标,梁创建撤销,0.65,绝对值,0.7,NULL,0.55,1,0.031,提升,达标
3W_协同性能结构_非关键非标准层指标,楼板编辑（进入二次编辑）有链接扣减,0.2,绝对值,0.3,NULL,0.55,1,0.078,提升,达标
3W_协同性能结构_非关键非标准层指标,楼板编辑（结束二次编辑）有链接扣减,1.2,百分比,0.2,NULL,0.55,1,1.063,正常,不达标
3W_协同性能结构_非关键非标准层指标,墙移动,0.5,百分比,0.2,NULL,0.55,1,0.375,提升,达标
3W_协同性能结构_非关键非标准层指标,墙创建,0.2,绝对值,0.3,NULL,0.55,1,0.109,提升,达标
3W_协同性能结构_非关键非标准层指标,柱复制粘贴,0.3,绝对值,0.5,NULL,0.55,0,0.172,提升,达标
3W_协同性能结构_非关键非标准层指标,柱创建,0.25,绝对值,0.4,NULL,0.55,1,0.171,提升,达标
3W_协同性能结构_非关键非标准层指标,柱空间位置编辑（单个）,0.2,绝对值,0.3,NULL,0.55,1,0.094,提升,达标
3W_协同性能结构_非关键非标准层指标,柱类型参数替换,0.2,绝对值,0.3,NULL,0.55,1,0.094,提升,达标
3W_协同性能结构_非关键非标准层指标,放置视口,0.15,绝对值,0.5,NULL,1,1,0.11,提升,达标
3W_协同性能结构_非关键非标准层指标,移动视口,0.25,绝对值,0.5,NULL,0.55,1,0.172,提升,达标
3W_协同性能结构_非关键非标准层指标,在图纸空间创建文字,0.2,绝对值,0.4,NULL,0.55,0,0.031,提升,达标
3W_协同性能结构_非关键非标准层指标,在图纸空间编辑文字,0.15,绝对值,0.5,NULL,0.55,0,0.11,提升,达标
3W_协同性能结构_非关键非标准层指标,在图纸空间绘制二维线,0.1,绝对值,0.2,NULL,0.55,0,0.015,提升,达标
3W_协同性能结构_非关键非标准层指标,在图纸空间平移视图,0.65,绝对值,0.7,NULL,0.5,0,0.532,提升,不达标
3W_协同性能结构_非关键非标准层指标,调整轴网长度,0.25,绝对值,0.4,NULL,0.5,1,0.125,提升,达标
3W_协同性能结构_非关键非标准层指标,批量调整轴网长度（立面视图）,0.1,绝对值,0.2,NULL,0.35,1,0.031,提升,达标
3W_协同性能结构_非关键非标准层指标,切换视图,0.65,百分比,0.2,NULL,2,0,0.563,正常,达标
3W_协同性能结构_非关键非标准层指标,梁删除,0.25,绝对值,0.4,NULL,0.55,1,0.203,提升,达标
3W_协同性能结构_非关键非标准层指标,梁创建,0.2,绝对值,0.3,NULL,0.5,1,0.093,提升,达标
3W_协同性能结构_非关键非标准层指标,梁属性编辑（不影响几何与空间关系）,0.1,绝对值,0.2,NULL,0.5,1,0.047,提升,达标
3W_协同性能结构_非关键非标准层指标,梁类型参数替换,0.3,绝对值,0.45,NULL,0.5,1,0.172,提升,达标
3W_协同性能结构_非关键非标准层指标,梁夹点拖动,0.3,绝对值,0.45,NULL,0.5,1,0.203,提升,达标
3W_协同性能结构_非关键非标准层指标,高频_梁空间位置编辑（影响几何与空间关系）,0.1,绝对值,0.2,NULL,0.2,1,0.078,提升,达标
3W_协同性能结构_非关键非标准层指标,启动二维线,0.2,百分比,0.2,NULL,0.2,1,0.093,提升,达标
3W_协同性能结构_非关键非标准层指标,启动文字命令（首次）,0.1,绝对值,0.2,NULL,0.5,1,0.047,提升,达标
3W_协同性能结构_非关键非标准层指标,启动文字命令（非首次）,0.2,百分比,0.2,NULL,0.2,1,0.062,提升,达标
3W_协同性能结构_非关键非标准层指标,楼板标高升降,0.1,百分比,0.2,NULL,0.2,1,0.031,提升,达标
3W_协同性能结构_非关键非标准层指标,墙对齐（出对齐结果）,0.25,绝对值,0.4,NULL,0.5,1,0.157,提升,达标
3W_协同性能结构_非关键非标准层指标,墙复制粘贴,0.25,绝对值,0.4,NULL,0.5,0,0.11,提升,达标
3W_协同性能结构_非关键非标准层指标,墙属性编辑（不影响几何与空间关系）,0.06,绝对值,0.1,NULL,0.2,0,0.047,提升,达标
3W_协同性能结构_非关键非标准层指标,墙类型参数替换,0.25,绝对值,0.45,NULL,0.5,1,0.203,提升,达标
3W_协同性能结构_非关键非标准层指标,墙空间位置编辑（单个）,0.2,绝对值,0.3,NULL,0.5,1,0.156,提升,达标
3W_协同性能结构_非关键非标准层指标,墙夹点拖动,0.35,百分比,0.2,NULL,0.5,1,0.234,提升,达标
3W_协同性能结构_非关键非标准层指标,柱移动,0.25,绝对值,0.4,NULL,0.5,1,0.156,提升,达标
3W_协同性能结构_非关键非标准层指标,柱对齐（出对齐结果）,0.15,绝对值,0.2,NULL,0.3,1,0.078,提升,达标
3W_协同性能结构_非关键非标准层指标,柱属性编辑（不影响几何与空间关系）,0.2,百分比,0.2,NULL,0.2,0,0.125,提升,达标
3W_协同性能结构_非关键非标准层指标,批量调整轴网长度（平面视图）1,0.15,绝对值,0.5,NULL,1,0,0.079,提升,达标
3W_协同性能结构_非关键非标准层指标,批量调整轴网长度（平面视图）2,0.1,绝对值,0.5,NULL,1,0,0.078,提升,达标
3W_协同性能结构_非关键非标准层指标,批量调整轴网长度（平面视图）3,0.15,绝对值,0.5,NULL,1,0,0.094,提升,达标
3W_协同性能结构_非关键非标准层指标,板洞创建（生成板洞）,0.6,百分比,0.2,NULL,0.6,1,0.454,提升,达标
3W_协同性能结构_非关键非标准层指标,初次打开三维视图,2.0,百分比,0.2,NULL,3,1,1.031,提升,达标
3W_协同性能结构_非关键非标准层指标,三维拖拉剖切框,0.5,百分比,0.2,NULL,0.55,1,0.312,提升,达标
3W_协同性能结构_非关键非标准层指标,三维视图旋转,0.1,绝对值,0.2,NULL,0.35,1,0.0,提升,达标
3W_协同性能结构_非关键非标准层指标,一键处理,20.0,百分比,0.2,NULL,15,1,15.5,提升,不达标
3W_协同性能结构_非关键非标准层指标,高频_关闭工作单元,2.0,百分比,0.2,NULL,3,1,1.485,提升,达标
同步柱板洞性能保护,同步柱,1.5,百分比,0.2,NULL,2,1,1.016,提升,达标
同步柱板洞性能保护,同步板洞,35.0,百分比,0.2,NULL,50,1,28.437,正常,达标
梁交线处理性能保护,梁交线DWG文件导出,30.0,百分比,0.2,NULL,30,0,22.954,提升,达标
生成分析模型性能保护230221,GST生成分析模型,145.0,百分比,0.2,NULL,315,0,158.609,正常,达标
设置过滤器生效响应时间230303,过滤器启动时间,0.2,绝对值,0.3,0.5,0.5,0
设置过滤器生效响应时间230303,设置构件过滤器,1.5,百分比,0.2,0.5,0.5,0
6W_关键指标性能保护230320,首次打开工作单元时间（无缓存）,65.0,百分比,0.2,NULL,40,1,37.828,提升,达标
6W_关键指标性能保护230320,高频_视图缩放,0.55,百分比,0.9,1.4,0.3,1,0.281,正常,达标
6W_关键指标性能保护230320,高频_初次打开平面视图,14.0,百分比,0.2,4,10,1,7.906,提升,达标
6W_关键指标性能保护230320,高频_切换视图-非首次切换,0.5,绝对值,0.55,0.3,0.3,1,0.515,正常,不达标
6W_关键指标性能保护230320,高频_梁复制粘贴,0.4,百分比,0.2,1.73,1,1,0.234,提升,达标
6W_关键指标性能保护230320,高频_梁对齐（出对齐结果）,0.8,百分比,0.2,1.54,0.9,1,0.594,提升,达标
6W_关键指标性能保护230320,高频_梁空间位置编辑（影响几何与空间关系）,0.3,绝对值,0.5,1.35,0.5,1,0.235,提升,达标
6W_关键指标性能保护230320,高频_文字编辑（进入编辑模式）,0.15,绝对值,0.2,0.3,0.2,1,0.078,提升,达标
6W_关键指标性能保护230320,高频_文字编辑（结束编辑模式）,0.15,绝对值,0.3,0.3,0.3,1,0.094,提升,达标
6W_关键指标性能保护230320,高频_撤销文字编辑,0.35,绝对值,0.4,0.3,0.3,1,0.11,提升,达标
6W_关键指标性能保护230320,高频_尺寸标注（拖动标注）,0.15,绝对值,0.3,0.3,0.3,1,0.079,提升,达标
6W_关键指标性能保护230320,高频_尺寸标注（拖动文字）,0.15,绝对值,0.3,0.3,0.3,1,0.109,提升,达标
6W_关键指标性能保护230320,高频_撤销尺寸标注（文字拖动）,0.4,绝对值,0.45,0.3,0.3,1,0.11,提升,达标
6W_关键指标性能保护230320,高频_首次绘制填充开始,0.2,绝对值,0.3,0.3,0.3,1,0.218,正常,达标
6W_关键指标性能保护230320,高频_首次绘制填充结束,0.15,绝对值,0.3,0.3,0.3,1,0.11,提升,达标
6W_关键指标性能保护230320,高频_二次编辑填充（进入编辑）,0.4,绝对值,0.5,0.3,0.5,1,0.36,提升,达标
6W_关键指标性能保护230320,高频_二次编辑填充（结束编辑）,0.2,绝对值,0.4,0.4,0.4,1,0.219,正常,达标
6W_关键指标性能保护230320,高频_梁标签挪动（原位跨）,0.2,绝对值,0.3,0.3,0.3,1,0.141,提升,达标
6W_关键指标性能保护230320,高频_梁标签挪动（原位不跨）,0.15,绝对值,0.2,0.3,0.3,1,0.141,提升,达标
6W_关键指标性能保护230320,高频_撤销梁标签挪动1（原位不跨）,0.3,绝对值,0.35,0.3,0.2,1,0.11,提升,达标
6W_关键指标性能保护230320,高频_撤销梁标签挪动2（原位跨）,0.35,绝对值,0.4,0.3,0.3,1,0.109,提升,达标
6W_关键指标性能保护230320,高频_梁标签挪动（集中不跨）,0.15,绝对值,0.2,0.3,0.15,1,0.062,提升,达标
6W_关键指标性能保护230320,高频_撤销梁标签挪动3(集中),0.3,绝对值,0.35,0.3,0.3,1,0.109,提升,达标
6W_关键指标性能保护230320,高频_梁标签文字编辑（进入编辑模式）,0.15,绝对值,0.3,0.3,0.3,1,0.125,提升,达标
6W_关键指标性能保护230320,高频_梁标签文字编辑（结束编辑模式）,0.2,绝对值,0.3,0.3,0.3,1,0.125,提升,达标
6W_关键指标性能保护230320,高频_撤销梁标签文字编辑,0.3,绝对值,0.3,0.3,0.3,1,0.109,提升,达标
6W_关键指标性能保护230320,高频_柱标签挪动,0.2,绝对值,0.3,0.3,0.3,1,0.156,提升,达标
6W_关键指标性能保护230320,高频_撤销柱标签挪动,0.4,绝对值,0.45,0.3,0.3,1,0.125,提升,达标
6W_关键指标性能保护230320,高频_柱标签文字编辑（进入编辑模式）,0.15,绝对值,0.3,0.3,0.3,1,0.078,提升,达标
6W_关键指标性能保护230320,高频_柱标签文字编辑（结束编辑模式）,0.1,绝对值,0.3,0.3,0.3,1,0.125,正常,达标
6W_关键指标性能保护230320,高频_撤销柱标签文字编辑,0.4,绝对值,0.45,0.3,0.3,1,0.125,提升,达标
6W_设置等其他操作性能保护230330,高频_首次打开工作单元时间（有缓存）,19.0,百分比,0.2,15.4,40,1,13.546,提升,达标
6W_设置等其他操作性能保护230330,创建局部三维视图,0.1,绝对值,20.0,1.75,0.2,1,0.078,提升,达标
6W_设置等其他操作性能保护230330,初次打开立面视图,3.5,百分比,0.2,1.5,1.5,1,1.672,提升,不达标
6W_设置等其他操作性能保护230330,初次打开剖面视图,2.0,百分比,0.2,1.5,1.5,1,1.047,提升,达标
6W_设置等其他操作性能保护230330,初次打开三维视图,4.0,百分比,0.2,3.7,3.7,1,2.407,提升,达标
6W_设置等其他操作性能保护230330,三维视图-拖拉剖切框,0.5,百分比,0.2,1.65,0.6,1,0.328,提升,达标
6W_设置等其他操作性能保护230330,旋转三维视图,0.15,绝对值,0.2,438.1,0.3,1,0.047,提升,达标
6W_设置等其他操作性能保护230330,切换线宽模式,2.0,百分比,0.2,NULL,0.5,1,0.234,提升,达标
6W_设置等其他操作性能保护230330,切换视图比例,6.5,百分比,0.2,66,15,1,6.437,正常,达标
6W_设置等其他操作性能保护230330,切换视图-首次切换,0.6,百分比,0.3,1.09,1,1,0.562,正常,达标
6W_设置等其他操作性能保护230330,打开视图对象样式设置对话框,0.6,百分比,0.2,0.3,0.3,1,0.5,正常,不达标
6W_设置等其他操作性能保护230330,视图对象样式设置生效,0.6,百分比,0.2,NULL,1.3,1,0.563,正常,达标
6W_设置等其他操作性能保护230330,应用视图样板,2.5,百分比,0.2,1.59,1.59,1,2.532,正常,不达标
6W_设置等其他操作性能保护230330,平面视图-修改顶部偏移/深度偏移,2.5,百分比,0.2,1,1,1,2.579,正常,不达标
6W_设置等其他操作性能保护230330,平面视图-范围框拖拽夹点,0.35,百分比,0.2,1.3,0.8,1,0.265,提升,达标
6W_设置等其他操作性能保护230330,平面视图-旋转裁剪框,0.4,百分比,0.2,1,3,1,0.344,正常,达标
6W_设置等其他操作性能保护230330,挪动CAD图纸,1.8,百分比,0.2,1,1,1,1.75,正常,不达标
6W_设置等其他操作性能保护230330,撤销移动CAD图纸,2.5,百分比,0.2,0.3,0.3,1,2.234,正常,不达标
6W_设置等其他操作性能保护230330,显示CAD（底图）挪动构件,1.0,百分比,0.2,1.53,1.3,1,0.766,提升,达标
6W_设置等其他操作性能保护230330,平面视图-批量调整轴网长度,0.3,百分比,0.2,1,0.9,1,0.312,正常,达标
6W_设置等其他操作性能保护230330,立面视图-批量调整标高线长度,0.15,绝对值,16.0,7.73,0.2,1,0.047,提升,达标
6W_墙梁板柱操作性能保护230329,创建柱,0.2,绝对值,0.5,1,0.6,1,0.187,提升,达标
6W_墙梁板柱操作性能保护230329,移动柱-扣减连接,0.3,绝对值,0.47,25.25,0.5,1,0.344,正常,达标
6W_墙梁板柱操作性能保护230329,柱对齐（出对齐结果）,0.3,百分比,0.2,24.57,0.6,1,0.281,正常,达标
6W_墙梁板柱操作性能保护230329,柱类型替换,0.3,绝对值,0.4,24.03,0.5,1,0.25,提升,达标
6W_墙梁板柱操作性能保护230329,修改单个柱类型参数,36.0,百分比,0.2,48.4,48.4,1,36.094,正常,达标
6W_墙梁板柱操作性能保护230329,柱空间位置编辑（影响几何与空间关系）,0.4,绝对值,0.45,23.49,0.5,1,0.281,提升,达标
6W_墙梁板柱操作性能保护230329,创建墙,0.2,百分比,0.2,0.3,0.3,1,0.141,提升,达标
6W_墙梁板柱操作性能保护230329,移动墙-扣减连接,0.5,百分比,0.2,25.95,0.6,1,0.469,正常,达标
6W_墙梁板柱操作性能保护230329,墙对齐（出对齐结果）,0.3,百分比,0.2,25.72,0.6,1,0.235,提升,达标
6W_墙梁板柱操作性能保护230329,墙夹点拖动,0.5,绝对值,0.6,23.22,0.7,1,0.422,提升,达标
6W_墙梁板柱操作性能保护230329,墙类型替换,0.2,百分比,0.2,24.76,0.36,1,0.187,正常,达标
6W_墙梁板柱操作性能保护230329,修改单个墙类型参数,36.0,百分比,0.2,109.36,80,1,36.047,正常,达标
6W_墙梁板柱操作性能保护230329,墙空间位置编辑（影响几何与空间关系）,0.4,绝对值,0.45,16.21,0.5,1,0.328,提升,达标
6W_墙梁板柱操作性能保护230329,创建梁,0.3,百分比,0.2,0.3,0.3,1,0.468,衰退,不达标
6W_墙梁板柱操作性能保护230329,移动梁-有扣减连接,0.65,百分比,0.2,1.95,0.9,1,0.593,正常,达标
6W_墙梁板柱操作性能保护230329,梁夹点拖动,0.4,百分比,0.2,2.32,1,1,0.328,正常,达标
6W_墙梁板柱操作性能保护230329,梁类型替换,0.45,百分比,0.2,1.51,0.6,1,0.422,正常,达标
6W_墙梁板柱操作性能保护230329,修改单个梁类型参数,1.0,百分比,0.2,7.74,1.7,1,0.922,正常,达标
6W_墙梁板柱操作性能保护230329,梁空间位置编辑（不影响几何与空间关系）,0.1,百分比,0.2,0.3,0.2,1,0.078,提升,达标
6W_墙梁板柱操作性能保护230329,创建楼板,0.5,百分比,0.2,1.81,0.6,1,0.453,正常,达标
6W_墙梁板柱操作性能保护230329,板类型替换,0.1,百分比,0.2,0.3,0.2,1,0.094,正常,达标
6W_墙梁板柱操作性能保护230329,修改单个板类型参数,5.0,百分比,0.2,69.44,10,1,4.907,正常,达标
6W_墙梁板柱操作性能保护230329,楼板空间位置编辑（影响几何与空间关系）,0.15,绝对值,0.2,0.3,0.2,1,0.063,提升,达标
6W_墙梁板柱操作性能保护230329,楼板编辑（进入二次编辑）有连接扣减,0.35,百分比,0.2,0.3,0.5,1,0.25,提升,达标
6W_墙梁板柱操作性能保护230329,楼板编辑（结束二次编辑）有连接扣减,0.35,百分比,0.2,0.3,0.5,1,0.469,衰退,达标
6W_墙梁板柱操作性能保护230329,板洞创建（生成板洞）,0.5,百分比,0.2,0.3,0.3,1,0.5,正常,不达标
6W_墙梁板柱操作性能保护230329,移动板洞,0.15,绝对值,0.25,0.3,0.3,1,0.094,提升,达标
6W_墙梁板柱操作性能保护230329,板洞复制粘贴,0.25,绝对值,0.3,0.3,0.3,1,0.125,提升,达标
6W_墙梁板柱操作性能保护230329,板洞编辑（进入二次编辑）,0.4,百分比,0.2,0.3,0.5,1,0.437,正常,达标
6W_墙梁板柱操作性能保护230329,板洞编辑（结束二次编辑）,0.45,百分比,0.2,0.3,0.5,1,0.469,正常,达标
6W_墙梁板柱操作性能保护230329,创建竖井（生成洞口）,0.35,百分比,0.2,0.3,0.5,1,0.468,衰退,达标
6W_墙梁板柱操作性能保护230329,移动竖井,0.15,绝对值,0.2,0.3,0.3,1,0.125,提升,达标
6W_墙梁板柱操作性能保护230329,竖井复制粘贴,0.2,百分比,0.2,0.3,0.3,1,0.172,正常,达标
6W_墙梁板柱操作性能保护230329,竖井属性编辑（影响几何与空间关系）,0.15,百分比,0.2,0.3,0.3,1,0.125,正常,达标
6W_墙梁板柱操作性能保护230329,竖井编辑（进入二次编辑）,0.35,百分比,0.2,0.3,0.5,1,0.265,提升,达标
6W_墙梁板柱操作性能保护230329,竖井编辑（结束二次编辑）,0.5,百分比,0.2,0.3,0.5,1,0.453,正常,达标
6W_墙梁板柱操作性能保护230329,移动柱-参照建筑,0.35,绝对值,0.5,NULL,0.6,1,0.281,提升,达标
6W_墙梁板柱操作性能保护230329,柱复制粘贴-参照建筑,0.25,绝对值,0.4,NULL,0.5,1,0.172,提升,达标
6W_墙梁板柱操作性能保护230329,移动墙-参照建筑,0.55,百分比,0.2,NULL,0.8,1,0.453,正常,达标
6W_墙梁板柱操作性能保护230329,墙复制粘贴-参照建筑,0.35,绝对值,0.6,NULL,0.5,1,0.313,提升,达标
6W_墙梁板柱操作性能保护230329,墙对齐-参照建筑,0.25,绝对值,0.4,NULL,0.5,1,0.234,提升,达标
6W_墙梁板柱操作性能保护230329,移动梁-参照建筑,0.45,百分比,0.2,NULL,1,1,0.468,正常,达标
6W_墙梁板柱操作性能保护230329,梁复制粘贴-参照建筑,0.25,绝对值,0.5,NULL,1,1,0.156,提升,达标
6W_墙梁板柱操作性能保护230329,楼板编辑（进入二次编辑）-参照建筑,0.3,百分比,0.2,NULL,1,1,0.265,正常,达标
6W_墙梁板柱操作性能保护230329,楼板编辑（结束二次编辑）-参照建筑,0.65,百分比,0.2,NULL,1,1,0.703,正常,达标
6W_墙梁板柱操作性能保护230329,板洞编辑（进入二次编辑）-参照建筑,0.55,百分比,0.2,NULL,1,1,0.516,正常,达标
6W_墙梁板柱操作性能保护230329,板洞编辑（结束二次编辑）-参照建筑,0.55,百分比,0.2,NULL,1,1,0.531,正常,达标
6W_墙梁板柱操作性能保护230329,竖井编辑（进入二次编辑）-参照建筑,0.5,百分比,0.2,NULL,1,1,0.282,提升,达标
6W_墙梁板柱操作性能保护230329,竖井编辑（结束二次编辑）-参照建筑,0.6,百分比,0.2,NULL,1,1,0.5,正常,达标
6W_筏板基础取消扣减操作性能保护230426,创建筏板,0.25,绝对值,0.36,1.41,0.4,1,0.187,提升,达标
6W_筏板基础取消扣减操作性能保护230426,撤销创建筏板,0.55,百分比,0.2,1.16,0.6,1,0.266,提升,达标
6W_筏板基础取消扣减操作性能保护230426,移动筏板,0.15,绝对值,0.3,0.3,0.3,1,0.094,提升,达标
6W_筏板基础取消扣减操作性能保护230426,筏板复制粘贴,0.3,绝对值,0.4,2.6,0.5,1,0.141,提升,达标
6W_筏板基础取消扣减操作性能保护230426,筏板删除,0.2,绝对值,0.3,0.3,0.3,1,0.125,提升,达标
6W_筏板基础取消扣减操作性能保护230426,筏板类型替换,0.2,绝对值,0.3,0.3,0.3,1,0.078,提升,达标
6W_筏板基础取消扣减操作性能保护230426,修改筏板单个板类型参数,0.5,百分比,0.2,0.3,0.5,1,0.266,提升,达标
6W_筏板基础取消扣减操作性能保护230426,筏板空间位置编辑（影响几何与空间关系）,0.35,百分比,0.2,0.3,0.3,1,0.234,提升,达标
6W_筏板基础取消扣减操作性能保护230426,筏板编辑（进入二次编辑）,0.7,百分比,0.2,39.85,1.2,1,0.5,提升,达标
6W_筏板基础取消扣减操作性能保护230426,筏板编辑（结束二次编辑）,0.6,百分比,0.2,2.03,0.9,1,0.453,提升,达标
6W_筏板基础取消扣减操作性能保护230426,一键处理,140.0,百分比,0.2,NULL,180,1,160.375,正常,达标
6W_桩基坑柱墩性能保护230326,创建桩,0.15,百分比,0.2,0.3,0.2,1,0.062,提升,达标
6W_桩基坑柱墩性能保护230326,撤销创建桩,0.35,绝对值,0.4,0.3,0.3,1,0.078,提升,达标
6W_桩基坑柱墩性能保护230326,移动桩-有扣减链接,0.15,绝对值,0.18,1.19,0.2,1,0.062,提升,达标
6W_桩基坑柱墩性能保护230326,桩复制粘贴,0.15,绝对值,0.2,0.3,0.2,1,0.078,提升,达标
6W_桩基坑柱墩性能保护230326,桩删除,0.15,绝对值,0.17,0.3,0.2,1,0.109,提升,达标
6W_桩基坑柱墩性能保护230326,桩类型替换,0.15,绝对值,0.19,1.06,0.2,1,0.062,提升,达标
6W_桩基坑柱墩性能保护230326,修改桩类型参数,0.3,绝对值,0.5,15.29,0.6,1,0.141,提升,达标
6W_桩基坑柱墩性能保护230326,桩空间位置编辑（影响几何与空间关系）,0.1,绝对值,0.15,0.3,0.2,1,0.062,提升,达标
6W_桩基坑柱墩性能保护230326,创建自定义承台,0.4,绝对值,0.7,3.38,1,1,0.359,提升,达标
6W_桩基坑柱墩性能保护230326,创建柱墩,0.2,绝对值,0.5,NULL,1,1,0.094,提升,达标
6W_标签类和批量对齐性能保护230330,墙标签挪动,0.7,百分比,0.2,0.3,1,1,0.484,提升,达标
6W_标签类和批量对齐性能保护230330,墙标签文字编辑（进入编辑模式）,0.5,百分比,0.2,0.3,0.3,1,0.359,提升,不达标
6W_标签类和批量对齐性能保护230330,墙标签文字编辑（结束编辑模式）,0.15,绝对值,0.25,0.3,0.3,1,0.156,正常,达标
6W_标签类和批量对齐性能保护230330,高频_撤销墙标签文字编辑,0.45,绝对值,0.5,0.3,0.3,1,0.078,提升,达标
6W_标签类和批量对齐性能保护230330,板厚标签标签挪动,0.25,百分比,0.2,0.3,0.3,1,0.125,提升,达标
6W_标签类和批量对齐性能保护230330,板厚标签文字编辑（进入编辑模式）,0.15,绝对值,0.21,0.3,0.3,1,0.062,提升,达标
6W_标签类和批量对齐性能保护230330,板厚标签文字编辑（结束编辑模式）,0.15,绝对值,0.29,0.3,0.3,1,0.016,提升,达标
6W_标签类和批量对齐性能保护230330,启动二维线,0.35,百分比,0.2,0.3,1,1,0.265,提升,达标
6W_标签类和批量对齐性能保护230330,启动文字命令（首次）,0.15,绝对值,0.2,0.3,0.3,1,0.063,提升,达标
6W_标签类和批量对齐性能保护230330,启动文字命令（非首次）,0.15,绝对值,0.28,0.3,0.3,1,0.063,提升,达标
6W_标签类和批量对齐性能保护230330,框选大量构件,0.45,百分比,0.2,0.3,0.3,1,0.297,提升,达标
6W_标签类和批量对齐性能保护230330,跨楼层复制粘贴,0.15,绝对值,0.36,39.49,0.5,1,0.078,提升,达标
6W_标签类和批量对齐性能保护230330,批量对齐墙（参照建筑）,2.0,百分比,0.2,NULL,2,1,1.641,正常,达标
6W_标签类和批量对齐性能保护230330,批量对齐梁（参照建筑）,2.0,百分比,0.2,NULL,2,1,1.203,提升,达标
6W_标签类和批量对齐性能保护230330,批量对齐柱（参照建筑）,1.0,百分比,0.3,NULL,2,1,0.641,提升,达标
6W_协同相关命令性能保护230411,选择单个文件内的全部构件参照,9.0,百分比,0.2,NULL,15,1,6.985,提升,达标
6W_协同相关命令性能保护230411,更新链接文件,8.0,百分比,0.2,NULL,15,1,5.547,提升,达标
6W_协同相关命令性能保护230411,同步建筑柱,0.65,百分比,0.2,NULL,1,1,0.547,正常,达标
6W_协同相关命令性能保护230411,同步板洞,0.9,百分比,0.2,NULL,1,1,0.906,正常,达标
6W_协同相关命令性能保护230411,同步墙洞（更新链接弹窗）,2.5,百分比,0.2,NULL,5,1,1.39,提升,达标
6W_协同相关命令性能保护230411,同步墙洞（1个）,1.5,百分比,0.2,NULL,1,1,0.75,提升,达标
6W_协同相关命令性能保护230411,同步建筑楼梯（更新链接弹窗）,3.0,百分比,0.2,NULL,2,1,2.703,正常,不达标
6W_协同相关命令性能保护230411,同步建筑楼梯（1个）,1.0,百分比,0.2,NULL,2,1,0.828,正常,达标
6W_协同相关命令性能保护230411,同步机电墙洞（更新链接弹窗）,2.5,百分比,0.2,NULL,2,1,1.719,提升,达标
6W_协同相关命令性能保护230411,同步机电墙洞（1个）,1.5,百分比,0.2,NULL,1,1,0.891,提升,达标
6W_协同相关命令性能保护230411,链接工作单元整体显隐控制,3.5,百分比,0.2,NULL,5,1,3.125,正常,达标
6W_协同相关命令性能保护230411,卸载参照,4.0,百分比,0.2,NULL,5,1,3.171,提升,达标
6W_协同同步多构件性能保护230422,同步墙洞（直接链接弹窗）,1.8,百分比,0.2,NULL,2,1,1.219,提升,达标
6W_协同同步多构件性能保护230422,同步墙洞（项目中所有墙洞）,2.5,百分比,0.2,NULL,10,1,0.656,提升,达标
6W_协同同步多构件性能保护230422,同步建筑楼梯（直接链接弹窗）,1.9,百分比,0.2,NULL,2,1,1.656,正常,达标
6W_协同同步多构件性能保护230422,同步建筑楼梯（项目中所有楼梯）,3.2,百分比,0.2,NULL,2,1,2.734,正常,不达标
6W_协同同步多构件性能保护230422,同步机电墙洞（直接链接弹窗）,1.5,百分比,0.2,NULL,2,1,1.109,提升,达标
6W_协同同步多构件性能保护230422,同步机电墙洞（项目中所有机电墙洞）,1.0,百分比,0.2,NULL,2,1,0.875,正常,达标
6W_打开保存关闭性能保护230606,高频_关闭工作单元,2.5,百分比,0.2,NULL,3,1,2.797,正常,达标
6W_导出GFC性能保护230606,Gfc3.2导出,15.0,百分比,0.2,NULL,240,1,12.344,正常,达标
6W_全专业无缓存打开保存关闭230607,全专业首次打开工作单元（无缓存）,110.0,百分比,0.2,NULL,30,1,93.093,正常,不达标
6W_全专业有缓存打开关闭230607,全专业首次打开工作单元（有缓存）,55.0,百分比,0.2,NULL,30,1,31.406,提升,不达标
含山医院性能场景保护230708无缓存,首次打开工作单元时间（无缓存）,50.0,百分比,0.2,NULL,40,1,20.25,提升,达标
含山医院性能场景保护230708有缓存,高频_首次打开工作单元时间（有缓存）,20.0,百分比,0.2,NULL,20,1,7.265,提升,达标
含山医院性能场景保护230708有缓存,高频_初次打开平面视图,4.0,百分比,0.2,NULL,4,1,2.14,提升,达标
含山医院性能场景保护230708有缓存,高频_初次打开立面视图,1.5,百分比,0.2,NULL,1.5,1,0.703,提升,达标
含山医院性能场景保护230708有缓存,高频_初次打开剖面视图,1.5,百分比,0.2,NULL,1.6,1,0.75,提升,达标
含山医院性能场景保护230708有缓存,切换视图-首次切换,0.25,绝对值,0.3,NULL,0.3,1,0.203,提升,达标
含山医院性能场景保护230708有缓存,高频_梁对齐（出对齐结果）,0.65,百分比,0.2,NULL,0.8,1,0.437,提升,达标
含山医院性能场景保护230708有缓存,高频_梁空间位置编辑（影响几何与空间关系）,0.3,百分比,0.5,NULL,0.3,1,0.156,正常,达标
含山医院性能场景保护230708有缓存,高频_二次编辑填充（进入编辑）,0.2,百分比,0.2,NULL,0.3,1,0.094,提升,达标
含山医院性能场景保护230708有缓存,初次打开三维视图,2.0,百分比,0.2,NULL,3,1,0.953,提升,达标
含山医院性能场景保护230708有缓存,三维视图-拖拉剖切框,1.0,百分比,0.2,NULL,0.9,1,0.625,提升,达标
含山医院性能场景保护230708有缓存,切换视图-非首次切换,0.3,绝对值,0.6,NULL,1,1,0.156,提升,达标
含山医院性能场景保护230708有缓存,打开视图对象样式设置对话框,1.5,百分比,0.2,NULL,1,1,0.813,提升,达标
含山医院性能场景保护230708有缓存,整体一键处理,25.0,百分比,0.2,NULL,19,1,18.468,提升,达标
含山医院性能场景保护230708有缓存,2F一键处理,8.0,百分比,0.2,NULL,10,1,5.625,提升,达标
含山医院性能场景保护230708有缓存,撤销2F一键处理,5.0,百分比,0.2,NULL,6,1,3.688,提升,达标
含山医院性能场景保护230708有缓存,高频_选择单个文件内的全部构件参照,35.0,百分比,0.2,NULL,25,1,14.688,提升,达标
含山医院性能场景保护230708有缓存,更新链接文件,15.0,百分比,0.2,NULL,7,1,9.718,提升,不达标
含山医院性能场景保护230708有缓存,批量对齐墙（参照建筑）,0.6,百分比,0.2,NULL,0.6,1,0.344,提升,达标
含山医院性能场景保护230708有缓存,链接工作单元整体显隐控制,1.5,百分比,0.2,NULL,1.2,1,0.547,提升,达标
含山医院性能场景保护230708有缓存,卸载参照,1.5,百分比,0.2,NULL,3,1,0.516,提升,达标
含山医院性能场景保护230708有缓存,高频_关闭工作单元,4.0,百分比,0.2,NULL,2,1,1.313,提升,达标
含山医院导出单张DWG0823,高频_导出DWG,5.0,百分比,0.2,NULL,8,1,3.625,提升,达标
3W_视图CAD板竖井230810,创建局部三维视图,0.5,百分比,0.5,NULL,0.2,1,0.235,提升,不达标
3W_视图CAD板竖井230810,切换视图-首次切换,1.5,百分比,0.2,NULL,0.7,1,0.765,提升,不达标
3W_视图CAD板竖井230810,平面视图-修改顶部偏移/深度偏移,0.6,百分比,0.2,NULL,1,1,0.547,正常,达标
3W_视图CAD板竖井230810,平面视图-范围框拖拽夹点,0.2,绝对值,0.5,NULL,0.8,1,0.25,正常,达标
3W_视图CAD板竖井230810,平面视图-旋转裁剪框,0.2,绝对值,0.8,NULL,1,1,0.062,提升,达标
3W_视图CAD板竖井230810,挪动CAD图纸,0.35,绝对值,0.5,NULL,1,1,0.156,提升,达标
3W_视图CAD板竖井230810,撤销移动CAD图纸,1.0,百分比,0.5,NULL,0.3,1,0.328,提升,不达标
3W_视图CAD板竖井230810,立面视图-批量调整标高线长度,0.15,绝对值,0.195,NULL,0.2,1,0.062,提升,达标
3W_视图CAD板竖井230810,创建楼板,0.4,百分比,0.5,NULL,0.6,1,0.344,正常,达标
3W_视图CAD板竖井230810,板类型替换,0.4,百分比,0.5,NULL,0.4,1,0.234,正常,达标
3W_视图CAD板竖井230810,修改单个板类型参数,0.25,绝对值,0.5,NULL,10,1,0.188,提升,达标
3W_视图CAD板竖井230810,移动板洞,0.25,百分比,0.5,NULL,0.3,1,0.094,提升,达标
3W_视图CAD板竖井230810,板洞复制粘贴,0.3,百分比,0.5,NULL,0.4,1,0.171,正常,达标
3W_视图CAD板竖井230810,板洞编辑（进入二次编辑）,0.2,百分比,0.5,NULL,0.3,1,0.078,提升,达标
3W_视图CAD板竖井230810,板洞编辑（结束二次编辑）,0.25,百分比,0.5,NULL,0.3,1,0.188,正常,达标
3W_视图CAD板竖井230810,创建竖井（生成洞口）,0.4,百分比,0.5,NULL,0.4,1,0.282,正常,达标
3W_视图CAD板竖井230810,移动竖井,0.15,绝对值,0.2,NULL,0.3,1,0.015,提升,达标
3W_视图CAD板竖井230810,竖井复制粘贴,0.1,绝对值,0.2,NULL,0.3,1,0.063,提升,达标
3W_视图CAD板竖井230810,竖井属性编辑（影响几何与空间关系）,0.2,百分比,0.5,NULL,0.3,1,0.109,正常,达标
3W_视图CAD板竖井230810,竖井编辑（进入二次编辑）,0.2,百分比,0.5,NULL,0.3,1,0.078,提升,达标
3W_视图CAD板竖井230810,竖井编辑（结束二次编辑）,0.4,百分比,0.5,NULL,0.3,1,0.219,正常,达标
3W_参照建筑230810,移动柱-参照建筑,0.1,绝对值,0.3,NULL,0.6,1,0.031,提升,达标
3W_参照建筑230810,柱复制粘贴-参照建筑,0.25,绝对值,0.4,NULL,0.5,1,0.141,提升,达标
3W_参照建筑230810,移动墙-参照建筑,0.4,百分比,0.5,NULL,0.8,1,0.313,正常,达标
3W_参照建筑230810,墙复制粘贴-参照建筑,0.2,绝对值,0.4,NULL,0.5,1,0.109,提升,达标
3W_参照建筑230810,墙对齐-参照建筑,0.2,绝对值,0.4,NULL,0.5,1,0.078,提升,达标
3W_参照建筑230810,楼板编辑（结束二次编辑）-参照建筑,0.4,绝对值,0.8,NULL,1,1,0.281,提升,达标
3W_参照建筑230810,板洞编辑（进入二次编辑）-参照建筑,0.25,绝对值,0.5,NULL,1,1,0.157,提升,达标
3W_参照建筑230810,板洞编辑（结束二次编辑）-参照建筑,0.35,绝对值,0.6,NULL,1,1,0.25,提升,达标
3W_参照建筑230810,竖井编辑（进入二次编辑）-参照建筑,0.15,绝对值,0.5,NULL,1,1,0.062,提升,达标
3W_参照建筑230810,竖井编辑（结束二次编辑）-参照建筑,0.3,绝对值,0.6,NULL,1,1,0.219,提升,达标
3W_筏板基础基坑桩230810,创建筏板,0.15,绝对值,0.3,NULL,0.4,1,0.047,提升,达标
3W_筏板基础基坑桩230810,撤销创建筏板,0.13,绝对值,0.3,NULL,0.6,1,0.031,提升,达标
3W_筏板基础基坑桩230810,移动筏板,0.15,百分比,0.5,NULL,0.2,1,0.047,提升,达标
3W_筏板基础基坑桩230810,筏板复制粘贴,0.1,绝对值,0.2,NULL,0.3,1,0.031,提升,达标
3W_筏板基础基坑桩230810,筏板删除,0.1,绝对值,0.15,NULL,0.2,1,0.078,提升,达标
3W_筏板基础基坑桩230810,筏板类型替换,0.1,绝对值,0.2,NULL,0.3,1,0.031,提升,达标
3W_筏板基础基坑桩230810,修改筏板单个板类型参数,0.15,绝对值,0.2,NULL,0.3,1,0.063,提升,达标
3W_筏板基础基坑桩230810,筏板空间位置编辑（影响几何与空间关系）,0.05,绝对值,0.2,NULL,0.3,1,0.031,提升,达标
3W_筏板基础基坑桩230810,筏板编辑（进入二次编辑）,0.2,绝对值,0.5,NULL,1.2,1,0.109,提升,达标
3W_筏板基础基坑桩230810,筏板编辑（结束二次编辑）,0.15,绝对值,0.5,NULL,0.9,1,0.11,提升,达标
3W_筏板基础基坑桩230810,桩复制粘贴,0.1,绝对值,0.1,NULL,0.2,1,0.047,提升,达标
3W_筏板基础基坑桩230810,桩删除,0.1,绝对值,0.1,NULL,0.2,1,0.063,提升,达标
3W_筏板基础基坑桩230810,桩类型替换,0.1,绝对值,0.1,NULL,0.2,1,0.031,提升,达标
3W_筏板基础基坑桩230810,修改桩类型参数,0.4,百分比,0.2,NULL,0.6,1,0.328,正常,达标
3W_筏板基础基坑桩230810,移动桩-有扣减链接,0.1,绝对值,0.1,NULL,0.2,1,0.047,提升,达标
3W_筏板基础基坑桩230810,创建柱墩,0.3,百分比,0.5,NULL,1,1,0.188,正常,达标
3W_筏板基础基坑桩230810,创建基坑,0.75,百分比,0.5,NULL,1,1,0.671,正常,达标
3W_墙标签板标签230810,高频_撤销柱标签文字编辑,0.7,绝对值,0.75,NULL,0.3,1,0.031,提升,达标
3W_墙标签板标签230810,墙标签挪动,0.1,绝对值,0.2,NULL,0.3,1,0.031,提升,达标
3W_墙标签板标签230810,墙标签文字编辑（进入编辑模式）,0.1,绝对值,0.2,NULL,0.3,1,0.047,提升,达标
3W_墙标签板标签230810,墙标签文字编辑（结束编辑模式）,0.1,绝对值,0.2,NULL,0.3,1,0.063,提升,达标
3W_墙标签板标签230810,板厚标签标签挪动,0.15,百分比,0.5,NULL,0.3,1,0.047,提升,达标
3W_墙标签板标签230810,板厚标签文字编辑（进入编辑模式）,0.1,绝对值,0.2,NULL,0.3,1,0.062,提升,达标
3W_墙标签板标签230810,板厚标签文字编辑（结束编辑模式）,0.1,绝对值,0.2,NULL,0.3,1,0.063,提升,达标
3W_GFC导出230810,Gfc3.2导出,15.0,百分比,0.2,NULL,155,1,10.547,提升,达标
3W_过滤器清理缓存导出DWG审查模型0810,过滤器,0.15,百分比,0.5,NULL,1,1,0.047,提升,达标
3W_过滤器清理缓存导出DWG审查模型0810,清理缓存,1.0,百分比,0.5,NULL,1,1,0.672,正常,达标
3W_过滤器清理缓存导出DWG审查模型0810,高频_导出DWG,1.5,百分比,0.5,NULL,3,1,0.891,正常,达标
3W_过滤器清理缓存导出DWG审查模型0810,导出审查模型,30.0,百分比,0.2,NULL,90,1,24.172,正常,达标
3W_同步主工作单元0810,同步主工作单元,50.0,百分比,0.2,NULL,15.4,1,39.235,提升,不达标
3W_同步构件数据0810,同步子工作单元数据,15.0,百分比,0.2,NULL,1,1,9.406,提升,不达标
3W_协同参照230909,全专业首次打开工作单元（无缓存）,35.0,百分比,0.2,NULL,35,1,19.766,提升,达标
3W_协同参照230909,高频_选择单个文件内的全部构件参照,20.0,百分比,0.2,NULL,40,1,16.297,正常,达标
3W_协同参照230909,批量对齐柱（参照建筑）,0.7,百分比,0.5,NULL,2,1,0.469,正常,达标
3W_协同参照230909,批量对齐梁（参照建筑）,0.1,绝对值,0.5,NULL,2,1,0.063,提升,达标
3W_协同参照230909,链接工作单元整体显隐控制,1.5,百分比,0.5,NULL,5,1,0.469,提升,达标
3W_协同参照230909,同步墙洞（直接链接弹窗）,2.0,百分比,0.2,NULL,2,1,1.422,提升,达标
3W_协同参照230909,同步墙洞（项目中所有墙洞）,0.25,绝对值,0.5,NULL,10,1,0.203,提升,达标
3W_协同参照230909,同步建筑楼梯（直接链接弹窗）,4.0,百分比,0.2,NULL,3,1,2.64,提升,达标
3W_协同参照230909,同步建筑楼梯（项目中所有楼梯）,0.5,百分比,0.5,NULL,2,1,0.359,正常,达标
3W_协同参照230909,卸载参照,2.0,百分比,0.2,NULL,5,1,0.782,提升,达标
3w_住宅结构专业建筑导出多张DWG,导出多张DWG,18.0,百分比,0.2,NULL,30,1,12.984,提升,达标
3w_住宅结构专业建筑链接用导出全部图纸52张,高频_导出DWG,400.0,百分比,0.2,NULL,490,0,382.641,正常,达标
3w_住宅结构专业建筑链接用导出三维视图,高频_导出DWG,90.0,百分比,0.2,NULL,120,0,74.343,正常,达标
6W_自定义基坑性能保护240130,进入创建自定义基坑,7.0,百分比,0.3,NULL,5,0,5.437,正常,不达标
6W_自定义基坑性能保护240130,结束创建自定义基坑,0.6,百分比,0.5,NULL,1,0,0.422,正常,达标
10W_首次打开工作单元有缓存（链接建筑地库）240423,高频_首次打开工作单元时间（有缓存）,40.0,百分比,0.2,NULL,66,1
10W_首次打开工作单元有缓存（链接建筑地库）240423,高频_关闭当前文件,4.0,百分比,0.2,5.2,6,1
10W_保存提交240620,高频_保存,4.0,百分比,0.2,62,6,1,2.422,提升,达标
10W_保存提交240620,高频_提交,9.0,百分比,0.2,63,9,1,13.016,衰退,不达标
10W_视图和设置类功能240423,高频_首次打开新的平面视图,8.0,百分比,0.2,26.3,8,1,2.765,提升,达标
10W_视图和设置类功能240423,高频_打开工作单元后首次切换到三维视图,18.0,百分比,0.2,17.5,11,1,7.922,提升,达标
10W_视图和设置类功能240423,创建楼层三维视图,14.0,百分比,0.2,NULL,8,1,6.079,提升,达标
10W_视图和设置类功能240423,高频_旋转三维视图,0.15,绝对值,0.4,1.3,0.5,1,0.156,正常,达标
10W_视图和设置类功能240423,高频_关闭视图（单张视图关闭）,0.5,百分比,0.3,0.3,0.6,1,0.421,正常,达标
10W_视图和设置类功能240423,切换视图（首次切换）,8.0,百分比,0.2,2.3,2.3,1,4.062,提升,不达标
10W_视图和设置类功能240423,高频_切换视图（非首次切换）,0.5,百分比,0.3,0.6,0.6,1,0.437,正常,达标
10W_视图和设置类功能240423,切换显示模型（隐藏线模式）,4.0,百分比,0.2,1.1,1.1,1,3.922,正常,不达标
10W_视图和设置类功能240423,高频_应用视图样板,4.5,百分比,0.2,42.3,10,1,4.156,正常,达标
10W_视图和设置类功能240423,高频_切换视图样板,6.0,百分比,0.2,32.6,8,1,2.312,提升,达标
10W_视图和设置类功能240423,调整视图深度,3.0,百分比,0.2,3.3,3,1,3.171,正常,不达标
10W_视图和设置类功能240423,过滤器设置完成,6.0,百分比,0.2,NULL,3.5,1,1.625,提升,达标
10W_视图和设置类功能240423,过滤梁截面,7.0,百分比,0.2,46.3,9,1,2.219,提升,达标
10W_批量对齐和板钢筋标签240424,高频_批量对齐柱,2.2,百分比,0.2,21.1,2.5,1,1.812,正常,达标
10W_批量对齐和板钢筋标签240424,高频_批量对齐墙,1.5,百分比,0.2,23.8,2,1,1.219,正常,达标
10W_批量对齐和板钢筋标签240424,高频_批量对齐梁,4.0,百分比,0.2,4.3,4,1,3.391,正常,达标
10W_批量对齐和板钢筋标签240424,高频_双击进入楼板编辑状态,1.0,百分比,0.2,1.2,1,1,0.782,提升,达标
10W_批量对齐和板钢筋标签240424,修改楼板轮廓后确认,2.5,百分比,0.2,1.7,1.7,1,2.156,正常,不达标
10W_批量对齐和板钢筋标签240424,高频_双击文字进入编辑状态,0.5,百分比,0.3,0.6,0.6,1,0.391,正常,达标
10W_批量对齐和板钢筋标签240424,高频_对齐标注,0.5,百分比,0.3,0.5,0.5,1,0.265,提升,达标
10W_批量对齐和板钢筋标签240424,板面钢筋_复制,0.5,百分比,0.3,0.5,0.5,1,0.328,提升,达标
10W_批量对齐和板钢筋标签240424,高频_板面钢筋_移动,0.5,百分比,0.3,0.5,0.5,1,0.344,提升,达标
10W_批量对齐和板钢筋标签240424,板面钢筋_删除,0.5,百分比,0.3,0.5,0.6,1,0.468,正常,达标
10W_批量对齐和板钢筋标签240424,板面钢筋_修改类型属性,3.5,百分比,0.2,3.7,4,1,2.797,提升,达标
10W_批量对齐和板钢筋标签240424,高频_板面钢筋_修改规格,0.4,绝对值,0.5,0.5,0.4,1,0.266,提升,达标
10W_批量对齐和板钢筋标签240424,高频_板面钢筋_钢筋规格进入编辑窗口（首次）,0.3,绝对值,0.5,0.5,0.3,1,0.281,提升,达标
10W_批量对齐和板钢筋标签240424,高频_板面钢筋_伸出长度文字进入编辑窗口（首次）,0.3,绝对值,0.5,0.5,0.4,1,0.172,提升,达标
10W_批量对齐和板钢筋标签240424,创建一个板底钢筋,0.15,绝对值,0.5,0.5,0.3,1,0.172,正常,达标
10W_批量对齐和板钢筋标签240424,板底钢筋_复制,0.3,绝对值,0.5,0.5,0.5,1,0.219,提升,达标
10W_批量对齐和板钢筋标签240424,高频_板底钢筋_移动,0.4,绝对值,0.5,0.5,0.4,1,0.219,提升,达标
10W_批量对齐和板钢筋标签240424,板底钢筋_删除,0.2,绝对值,0.5,0.5,0.3,1,0.234,正常,达标
10W_批量对齐和板钢筋标签240424,板底钢筋_修改类型属性,2.0,百分比,0.2,3.5,2.5,1,1.546,提升,达标
10W_批量对齐和板钢筋标签240424,高频_板底钢筋_修改规格,0.15,绝对值,0.5,0.5,0.3,1,0.11,提升,达标
10W_批量对齐和板钢筋标签240424,高频_板底钢筋_拖动夹点,0.3,绝对值,0.5,0.5,0.4,1,0.218,提升,达标
10W_批量对齐和板钢筋标签240424,高频_板厚标签_拖动文字,0.3,绝对值,0.5,1.2,0.5,1,0.141,提升,达标
10W_批量对齐和板钢筋标签240424,高频_附加箍筋_创建一个附加箍筋,0.4,绝对值,0.5,0.5,0.4,1,0.25,提升,达标
10W_批量对齐和板钢筋标签240424,梁标签_移动,0.6,百分比,0.2,0.5,0.5,1,0.5,正常,达标
10W_批量对齐和板钢筋标签240424,梁标签_复制,0.4,百分比,0.3,0.5,0.5,1,0.297,正常,达标
10W_批量对齐和板钢筋标签240424,梁标签_删除,0.4,百分比,0.3,0.5,0.5,1,0.328,正常,达标
10W_墙柱暗柱标签240425,线钢筋_复制,0.5,百分比,0.2,0.6,0.5,1,0.313,提升,达标
10W_墙柱暗柱标签240425,高频_线钢筋_移动,0.5,百分比,0.2,0.6,0.5,1,0.406,正常,达标
10W_墙柱暗柱标签240425,线钢筋_删除,0.2,百分比,0.2,0.5,0.5,1,0.265,衰退,达标
10W_墙柱暗柱标签240425,点钢筋_复制,0.4,百分比,0.3,0.7,0.5,1,0.265,提升,达标
10W_墙柱暗柱标签240425,高频_点钢筋_移动,0.5,百分比,0.2,0.7,0.5,1,0.187,提升,达标
10W_墙柱暗柱标签240425,点钢筋_删除,0.45,百分比,0.3,0.5,0.5,1,0.296,提升,达标
10W_墙柱暗柱标签240425,柱标签_首次放置,0.15,绝对值,0.5,0.5,0.4,1,0.172,正常,达标
10W_墙柱暗柱标签240425,高频_柱编号标签_拖动夹点,0.3,百分比,0.3,0.5,0.5,1,0.297,正常,达标
10W_墙柱暗柱标签240425,高频_柱编号标签_拖动文字,0.3,百分比,0.3,0.5,0.5,1,0.25,正常,达标
10W_墙柱暗柱标签240425,柱编号标签_标注文字进入编辑窗口,0.7,百分比,0.2,0.5,0.5,1,0.453,提升,达标
10W_墙柱暗柱标签240425,高频_暗柱编号标签_拖动夹点,0.3,百分比,0.3,0.5,0.5,1,0.313,正常,达标
10W_墙柱暗柱标签240425,高频_暗柱编号标签_拖动文字,0.3,百分比,0.3,0.5,0.5,1,0.312,正常,达标
10W_墙柱暗柱标签240425,高频_暗柱编号标签_标注文字进入编辑窗口,0.2,百分比,0.3,0.5,0.5,1,0.203,正常,达标
10W_墙柱暗柱标签240425,高频_墙标签_拖动夹点,0.2,绝对值,0.5,0.5,0.4,1,0.156,提升,达标
10W_墙柱暗柱标签240425,高频_墙标签_拖动文字,0.2,绝对值,0.5,0.5,0.4,1,0.157,提升,达标
10W_墙柱暗柱标签240425,高频_墙标签_标注文字进入编辑窗口,0.15,绝对值,0.5,0.5,0.4,1,0.11,提升,达标
10W_墙柱暗柱标签240425,高频_暗柱_编辑暗柱,1.5,百分比,0.2,NULL,1.6,1,2.312,衰退,不达标
10W_墙柱暗柱标签240425,暗柱-复制,0.8,百分比,0.3,0.5,0.5,1,0.203,提升,达标
10W_协同参照卸载更新20240425,高频_卸载建筑模型,4.0,百分比,0.2,15,10,1
10W_协同参照卸载更新20240425,高频_参照建筑模型,15.0,百分比,0.2,18,20,1
10W_协同参照卸载更新20240425,参照机电模型,7.0,百分比,0.2,21,17,1
10W_协同参照卸载更新20240425,卸载机电模型,3.5,百分比,0.2,17,9,1
10W_协同参照卸载更新20240425,参照本专业工作单元,15.0,百分比,0.2,18,18,1
10W_协同参照卸载更新20240425,更新本专业工作单元,10.0,百分比,0.2,17,16,1
10W_协同_导出GFC不加模型检查240507,Gfc3.2导出_不勾选模型检查,43.0,百分比,0.1,NULL,43,0,35.266,提升,达标
10W_协同_导出GFC加模型检查240507,高频_Gfc3.2导出_勾选模型检查,62.1,百分比,0.1,NULL,62.1,1,54.093,提升,达标
10W_协同_智能区分内外墙240515,智能区分内外墙_全楼,28.375,百分比,0.2,NULL,28.375,0,25.407,正常,达标
10W_协同_智能区分内外墙240515,智能区分内外墙_关闭结果报告,2.64,百分比,0.2,NULL,2.156,0,2.468,正常,不达标
10W_协同_模型检查及智能修复性能监测240507,高频_模型检查_全楼检查,24.9,百分比,0.2,NULL,24.9,1,21.235,正常,达标
10W_协同_模型检查及智能修复性能监测240507,高频_模型检查_智能修复,30.6,百分比,0.1,NULL,30.6,1,27.656,正常,达标
10W_协同_模型检查及智能修复性能监测240507,模型检查_定位（切换视图）,2.2,百分比,0.2,NULL,1.5,0,1.469,提升,达标
10W_协同_模型检查及智能修复性能监测240507,高频_模型检查_定位（不切换视图）,0.6,百分比,0.3,NULL,0.6,1,0.375,提升,达标
10W_协同_模型检查相交查改及检查报告性能监测240507,模型检查_进入查改部分相交,1.9,百分比,0.2,NULL,1.9,0,0.234,提升,达标
10W_协同_模型检查相交查改及检查报告性能监测240507,模型检查_单选修改部分相交,0.3,百分比,0.2,NULL,0.3,0,0.203,提升,达标
10W_协同_模型检查相交查改及检查报告性能监测240507,模型检查_框选修改部分相交,1.4,百分比,0.2,NULL,1.4,0,1.203,正常,达标
10W_协同_模型检查相交查改及检查报告性能监测240507,模型检查_撤消修改部分相交,4.0,百分比,0.2,NULL,4,0,2.156,提升,达标
10W_协同_模型检查相交查改及检查报告性能监测240507,模型检查_退出查改部分相交,2.531,百分比,0.1,NULL,2.531,0,1.125,提升,达标
10W_协同_模型检查相交查改及检查报告性能监测240507,高频_模型检查_全部刷新,9.2,百分比,0.1,NULL,9.2,1,5.282,提升,达标
10W_协同_模型检查相交查改及检查报告性能监测240507,高频_模型检查_打开模型检查报告,0.9,百分比,0.2,NULL,0.9,1,0.734,正常,达标
10W_协同_模型检查相交查改及检查报告性能监测240507,高频_模型检查_关闭模型检查报告,0.1,百分比,0.5,NULL,0.1,1,0.11,正常,不达标
10w_协同_CAD转化_结构,转化DWG_结构,7.0,百分比,0.15,31.15,31,0,6.203,正常,达标
10w_协同_导入DWG_结构,高频_导入DWG图纸_结构,0.3,百分比,0.1,1.2,0.5,1,0.14,提升,达标
10w_协同_导入DWG_结构,高频_框选DWG_结构,0.1,百分比,0.1,0.1,0.5,1,0.047,提升,达标
10w_协同_导入DWG_结构,移动DWG_结构,0.5,百分比,0.1,0.1,0.5,1,0.328,提升,达标
10w_协同_导入DWG_结构,删除DWG_结构,0.21,百分比,0.1,0.1,0.5,1,0.203,正常,达标
10w_协同_导入DWG_结构,隐藏DWG_结构,0.1,百分比,0.1,0.1,0.1,1,0.062,提升,达标
10w_协同_导入DWG_结构,显示DWG_结构,0.1,百分比,0.1,0.1,0.1,1,0.063,提升,达标
10w_协同_导入DWG_结构,打开有DWG图纸的视图_结构,0.56,百分比,0.1,1.1,1.5,1,0.328,提升,达标
10w_协同_导入DWG_结构,关闭有DWG图纸的视图_结构,0.1,百分比,0.1,0.1,0.2,1,0.11,正常,达标
10w_协同_标注和二维对象_结构,对齐标注,0.1,百分比,0.1,2,2,1,0.078,提升,达标
10w_协同_标注和二维对象_结构,线性标注,1.2,百分比,0.15,1.5,1.7,1,1.078,正常,达标
10w_协同_标注和二维对象_结构,标高标注,0.15,绝对值,0.17,0.1,0.2,1,0.187,衰退,达标
10w_协同_标注和二维对象_结构,引出标注,0.58,百分比,0.1,0.17,0.6,1,0.485,提升,达标
10w_协同_标注和二维对象_结构,表格,5.0,百分比,0.15,0.1,5,1,3.484,提升,达标
10w_协同_标注和二维对象_结构,二维线,0.4,百分比,0.1,6,6,1,0.406,正常,达标
10w_协同_标注和二维对象_结构,填充,0.7,百分比,0.1,0.1,2,1,0.578,提升,达标
10w_协同_标注和二维对象_结构,复制,0.2,百分比,0.1,0.1,0.5,1,0.062,提升,达标
10w_协同_标注和二维对象_结构,移动,0.05,绝对值,0.07,0.1,0.1,1,0.047,提升,达标
10w_协同_标注和二维对象_结构,镜像,0.2,百分比,0.1,0.1,0.5,1,0.25,衰退,达标
10w_协同_标注和二维对象_结构,删除,0.02,绝对值,0.03,0.1,0.1,1,0.047,衰退,达标
10w_协同_视图旋转导出地下_结构,单视图旋转45°,0.32,百分比,0.1,1.5,1,1,0.235,提升,达标
10w_协同_导出_结构,高频_导出DWG图纸_地上平面,2.0,百分比,0.15,2.2,3,1,2.11,正常,达标
10w_协同_视图旋转导出地下_结构,导出DWG_地下,6.0,百分比,0.15,5,10,1,5.547,正常,达标
10w_协同_导出_结构,导出DWG图纸_批量导出,6.0,百分比,0.15,8.4,10,1,5.578,正常,达标
10w_协同_导出_结构,高频_导出PDF图纸_地上平面,2.0,百分比,0.2,1.9,5,1,2.14,正常,达标
10w_协同_视图旋转导出地下_结构,导出PDF_地下,6.56,百分比,0.15,2.8,10,1,5.079,提升,达标
10w_协同_导出_结构,导出PDF图纸_批量导出,9.0,百分比,0.2,4.6,22,1,6.281,提升,达标
10W_Local_视图和设置类功能240506,高频_打开文件时间,55.0,百分比,0.2,NULL,66,1,284.781,衰退,不达标
10W_Local_视图和设置类功能240506,高频_首次打开新的平面视图,5.0,百分比,0.2,24.3,6,1,2.188,提升,达标
10W_Local_视图和设置类功能240506,高频_打开文件后首次切换到三维视图,8.0,百分比,0.2,17.5,9,1,3.516,提升,达标
10W_Local_视图和设置类功能240506,创建楼层三维视图,3.5,百分比,0.2,NULL,5,1,1.453,提升,达标
10W_Local_视图和设置类功能240506,高频_旋转三维视图,0.15,绝对值,0.3,1.1,0.5,1,0.016,提升,达标
10W_Local_视图和设置类功能240506,高频_关闭视图（单张视图关闭）,0.4,百分比,0.3,0.5,0.5,1,0.188,提升,达标
10W_Local_视图和设置类功能240506,切换视图（首次切换）,4.0,百分比,0.2,2.3,2.3,1,1.657,提升,达标
10W_Local_视图和设置类功能240506,高频_切换视图（非首次切换）,0.15,百分比,0.3,0.6,0.6,1,0.062,提升,达标
10W_Local_视图和设置类功能240506,切换显示模型（隐藏线模式）,0.3,百分比,0.3,1,1,1,0.141,提升,达标
10W_Local_视图和设置类功能240506,高频_应用视图样板,4.0,百分比,0.2,33,8,1,2.219,提升,达标
10W_Local_视图和设置类功能240506,高频_切换视图样板,4.0,百分比,0.2,24,8,1,2.25,提升,达标
10W_Local_视图和设置类功能240506,调整视图深度,2.1,百分比,0.2,2.5,2,1,1.937,正常,达标
10W_Local_视图和设置类功能240506,过滤器设置完成,3.5,百分比,0.2,NULL,3.5,1,2.062,提升,达标
10W_Local_视图和设置类功能240506,过滤梁截面,1.5,百分比,0.2,46,4,1,0.703,提升,达标
10W_Local_批量对齐和板钢筋标签240507,高频_批量对齐柱,1.0,百分比,0.2,21.1,2,1,1.047,正常,达标
10W_Local_批量对齐和板钢筋标签240507,高频_批量对齐墙,1.5,百分比,0.2,23.8,3,1,1.313,正常,达标
10W_Local_批量对齐和板钢筋标签240507,高频_批量对齐梁,1.5,百分比,0.2,4.2,3,1,0.875,提升,达标
10W_Local_批量对齐和板钢筋标签240507,高频_双击进入楼板编辑状态,0.5,百分比,0.3,1.2,1,1,0.343,提升,达标
10W_Local_批量对齐和板钢筋标签240507,修改楼板轮廓后确认,0.6,百分比,0.2,1.5,1.5,1,0.469,提升,达标
10W_Local_批量对齐和板钢筋标签240507,高频_双击文字进入编辑状态,0.35,百分比,0.3,0.6,0.6,1,0.281,正常,达标
10W_Local_批量对齐和板钢筋标签240507,高频_对齐标注,0.15,百分比,0.3,0.5,0.5,1,0.031,提升,达标
10W_Local_批量对齐和板钢筋标签240507,板面钢筋_复制,0.15,百分比,0.3,0.5,0.5,1,0.093,提升,达标
10W_Local_批量对齐和板钢筋标签240507,高频_板面钢筋_移动,0.15,百分比,0.3,0.5,0.5,1,0.109,正常,达标
10W_Local_批量对齐和板钢筋标签240507,板面钢筋_删除,0.15,百分比,0.3,0.6,0.6,1,0.125,正常,达标
10W_Local_批量对齐和板钢筋标签240507,板面钢筋_修改类型属性,1.0,百分比,0.2,3.5,3,1,0.781,提升,达标
10W_Local_批量对齐和板钢筋标签240507,高频_板面钢筋_修改规格,0.15,百分比,0.3,0.5,0.5,1,0.047,提升,达标
10W_Local_批量对齐和板钢筋标签240507,高频_板面钢筋_钢筋规格进入编辑窗口（首次）,0.15,绝对值,0.5,0.5,0.3,1,0.063,提升,达标
10W_Local_批量对齐和板钢筋标签240507,高频_板面钢筋_伸出长度文字进入编辑窗口（首次）,0.15,绝对值,0.5,0.5,0.4,1,0.079,提升,达标
10W_Local_批量对齐和板钢筋标签240507,创建一个板底钢筋,0.15,百分比,0.3,0.5,0.5,1,0.063,提升,达标
10W_Local_批量对齐和板钢筋标签240507,板底钢筋_复制,0.15,百分比,0.3,0.5,0.5,1,0.078,提升,达标
10W_Local_批量对齐和板钢筋标签240507,高频_板底钢筋_移动,0.15,百分比,0.3,0.5,0.5,1,0.062,提升,达标
10W_Local_批量对齐和板钢筋标签240507,板底钢筋_删除,0.15,百分比,0.3,0.5,0.5,1,0.094,提升,达标
10W_Local_批量对齐和板钢筋标签240507,板底钢筋_修改类型属性,0.2,百分比,0.3,3.5,1,1,0.14,正常,达标
10W_Local_批量对齐和板钢筋标签240507,高频_板底钢筋_修改规格,0.15,百分比,0.3,0.5,0.5,1,0.032,提升,达标
10W_Local_批量对齐和板钢筋标签240507,高频_板底钢筋_拖动夹点,0.15,百分比,0.3,0.5,0.5,1,0.078,提升,达标
10W_Local_批量对齐和板钢筋标签240507,高频_板厚标签_拖动文字,0.15,百分比,0.3,1.2,0.5,1,0.063,提升,达标
10W_Local_墙柱暗柱标签240507,高频_附加箍筋_创建一个附加箍筋,0.15,百分比,0.3,0.5,0.5,1,0.078,提升,达标
10W_Local_墙柱暗柱标签240507,梁标签_移动,0.15,百分比,0.3,0.5,0.5,1,0.125,正常,达标
10W_Local_墙柱暗柱标签240507,梁标签_复制,0.25,百分比,0.3,0.5,0.5,1,0.203,正常,达标
10W_Local_墙柱暗柱标签240507,梁标签_删除,0.15,百分比,0.3,0.5,0.5,1,0.125,正常,达标
10W_Local_墙柱暗柱标签240507,线钢筋_复制,0.15,百分比,0.3,0.6,0.5,1,0.078,提升,达标
10W_Local_墙柱暗柱标签240507,高频_线钢筋_移动,0.15,百分比,0.3,0.6,0.5,1,0.125,正常,达标
10W_Local_墙柱暗柱标签240507,线钢筋_删除,0.15,百分比,0.3,0.5,0.5,1,0.157,正常,达标
10W_Local_墙柱暗柱标签240507,点钢筋_复制,0.15,百分比,0.3,0.7,0.5,1,0.079,提升,达标
10W_Local_墙柱暗柱标签240507,高频_点钢筋_移动,0.15,百分比,0.3,0.7,0.5,1,0.094,提升,达标
10W_Local_墙柱暗柱标签240507,点钢筋_删除,0.15,百分比,0.3,0.5,0.5,1,0.093,提升,达标
10W_Local_墙柱暗柱标签240507,柱标签_首次放置,0.1,百分比,0.3,0.5,0.5,1,0.031,提升,达标
10W_Local_墙柱暗柱标签240507,高频_柱编号标签_拖动夹点,0.15,百分比,0.3,0.5,0.5,1,0.078,提升,达标
10W_Local_墙柱暗柱标签240507,高频_柱编号标签_拖动文字,0.15,百分比,0.3,0.5,0.5,1,0.047,提升,达标
10W_Local_墙柱暗柱标签240507,柱编号标签_标注文字进入编辑窗口,0.5,百分比,0.2,0.5,0.5,1,0.266,提升,达标
10W_Local_墙柱暗柱标签240507,高频_暗柱编号标签_拖动夹点,0.15,百分比,0.3,0.5,0.5,1,0.078,提升,达标
10W_Local_墙柱暗柱标签240507,高频_暗柱编号标签_拖动文字,0.15,百分比,0.3,0.5,0.5,1,0.047,提升,达标
10W_Local_墙柱暗柱标签240507,高频_暗柱编号标签_标注文字进入编辑窗口,0.15,绝对值,0.5,0.5,0.5,1,0.062,提升,达标
10W_Local_墙柱暗柱标签240507,高频_墙标签_拖动夹点,0.15,绝对值,0.5,0.5,0.5,1,0.062,提升,达标
10W_Local_墙柱暗柱标签240507,高频_墙标签_拖动文字,0.15,绝对值,0.5,0.5,0.5,1,0.062,提升,达标
10W_Local_墙柱暗柱标签240507,高频_墙标签_标注文字进入编辑窗口,0.15,绝对值,0.5,0.5,0.5,1,0.063,提升,达标
10W_Local_墙柱暗柱标签240507,高频_暗柱_编辑暗柱,0.2,百分比,0.2,NULL,1,1,0.219,正常,达标
10W_Local_墙柱暗柱标签240507,暗柱-复制,0.15,百分比,0.3,0.5,0.5,1,0.094,提升,达标
10W_Local_链接卸载更新功能240508,高频_卸载建筑模型,10.0,百分比,0.2,15,10,1
10W_Local_链接卸载更新功能240508,高频_参照建筑模型,12.0,百分比,0.2,17,12,1
10W_Local_链接卸载更新功能240508,参照机电模型,10.0,百分比,0.2,20,10,1
10W_Local_链接卸载更新功能240508,卸载机电模型,10.0,百分比,0.2,17,10,1
10W_Local_链接卸载更新功能240508,参照本专业文件,25.0,百分比,0.2,18,18,1
10W_Local_链接卸载更新功能240508,载入更新本专业文件,35.0,百分比,0.2,17,17,1
10W_Local_关闭软件240508,高频_关闭当前文件,7.0,百分比,0.2,6,5.8,1,0.515,提升,达标
10w_单机_标注和二维对象创建_结构,表格_单机,2.0,百分比,0.2,0.1,5,0,1.359,提升,达标
3W_裁剪框拆分折叠,裁剪框拆分,1.0,绝对值,2.0,NULL,2,1,0.36,提升,达标
3W_裁剪框拆分折叠,精准折叠,1.0,绝对值,2.0,NULL,2,1,0.141,提升,达标
3W_裁剪框拆分折叠,合并裁剪分区,1.0,绝对值,2.0,NULL,2,1,0.235,提升,达标
6W_协同_模型检查相交查改及检查报告240510,模型检查_进入查改部分相交,0.46,百分比,0.3,NULL,0.46,0,0.5,正常,不达标
6W_协同_模型检查相交查改及检查报告240510,模型检查_单选修改部分相交,0.44,百分比,0.3,NULL,0.44,0,0.5,正常,不达标
6W_协同_模型检查相交查改及检查报告240510,模型检查_框选修改部分相交,3.6,百分比,0.2,NULL,3.6,0,3.609,正常,不达标
6W_协同_模型检查相交查改及检查报告240510,模型检查_撤消修改部分相交,2.4,百分比,0.2,NULL,2.4,0,2.266,正常,达标
6W_协同_模型检查相交查改及检查报告240510,模型检查_退出查改部分相交,1.1,百分比,0.2,NULL,1.1,0,1.047,正常,达标
6W_协同_模型检查相交查改及检查报告240510,高频_模型检查_打开模型检查报告,2.0,百分比,0.2,NULL,2,1,0.312,提升,达标
6W_协同_模型检查相交查改及检查报告240510,高频_模型检查_关闭模型检查报告,0.25,百分比,0.5,NULL,0.25,1,0.266,正常,不达标
6W_协同_模型检查_智能修复_错误定位240510,高频_模型检查_全楼检查,16.8,百分比,0.2,NULL,16.8,1,13.266,提升,达标
6W_协同_模型检查_智能修复_错误定位240510,高频_模型检查_智能修复,26.3,百分比,0.1,NULL,26.3,1,27.281,正常,不达标
6W_协同_模型检查_智能修复_错误定位240510,模型检查_定位（切换视图）,1.5,百分比,0.2,NULL,1.5,0,1.562,正常,不达标
6W_协同_模型检查_智能修复_错误定位240510,高频_模型检查_定位（不切换视图）,0.6,百分比,0.3,NULL,0.6,1,0.688,正常,不达标
6W_协同_模型检查_智能修复_错误定位240510,高频_模型检查_全部刷新,7.9,百分比,0.2,NULL,7.9,1,2.89,提升,达标
6W_协同_模型检查_智能修复_错误定位240510,模型检查_构件距结构主体过远,2.0,百分比,0.2,NULL,2,0,2.141,正常,不达标
6W_协同_导出GFC加模型检查240510,高频_Gfc3.2导出_勾选模型检查,49.2,百分比,0.1,NULL,49.2,1,28.125,提升,达标
6W_协同_导出GFC不加模型检查240510,Gfc3.2导出_不勾选模型检查,40.61,百分比,0.1,NULL,40.61,0,20.297,提升,达标
10W_单机_导出GFC_不加模型检查240613,Gfc3.2导出_不勾选模型检查,42.07,百分比,0.1,NULL,42.07,0,13.437,提升,达标
10W_单机_导出GFC_加模型检查240613,高频_Gfc3.2导出_勾选模型检查,46.82,百分比,0.1,NULL,46.82,1,18.328,提升,达标
10W_单机_模型检查_相交查改_检查报告240613,模型检查_进入查改部分相交,0.54,百分比,0.3,NULL,0.54,0,0.407,正常,达标
10W_单机_模型检查_相交查改_检查报告240613,模型检查_单选修改部分相交,0.29,百分比,0.3,NULL,0.29,0,0.375,正常,不达标
10W_单机_模型检查_相交查改_检查报告240613,模型检查_框选修改部分相交,0.39,百分比,0.3,NULL,0.39,0,0.422,正常,不达标
10W_单机_模型检查_相交查改_检查报告240613,模型检查_撤消修改部分相交,1.22,百分比,0.2,NULL,1.22,0,1.296,正常,不达标
10W_单机_模型检查_相交查改_检查报告240613,模型检查_退出查改部分相交,1.1,百分比,0.2,NULL,1.1,0,1.032,正常,达标
10W_单机_模型检查_相交查改_检查报告240613,高频_模型检查_全部刷新,5.0,百分比,0.2,NULL,5,0,5.531,正常,不达标
10W_单机_模型检查_相交查改_检查报告240613,高频_模型检查_打开模型检查报告,0.3,百分比,0.5,NULL,0.3,0,0.219,正常,达标
10W_单机_模型检查_相交查改_检查报告240613,高频_模型检查_关闭模型检查报告,0.24,百分比,0.5,NULL,0.24,1,0.234,正常,达标
10W_单机_模型检查_智能修复_错误定位240613,高频_模型检查_全楼检查,9.9,百分比,0.2,NULL,9.9,1,10.047,正常,不达标
10W_单机_模型检查_智能修复_错误定位240613,高频_模型检查_智能修复,9.1,百分比,0.2,NULL,9.1,1,10.438,正常,不达标
10W_单机_模型检查_智能修复_错误定位240613,模型检查_定位（切换视图）,1.9,百分比,0.2,NULL,1.9,0,1.546,正常,达标
10W_单机_模型检查_智能修复_错误定位240613,高频_模型检查_定位（不切换视图）,0.7,百分比,0.3,NULL,0.7,1,0.531,正常,达标
10w_协同_标注和二维对象_结构,文字,0.55,百分比,0.1,3,3,1,0.296,提升,达标
6W_协同_尺寸标注显隐_裁剪框编辑,批量隐藏轴网,0.3,绝对值,0.4,NULL,0.5,0,0.39,正常,达标
6W_协同_尺寸标注显隐_裁剪框编辑,打开模型裁剪框,0.34,绝对值,0.4,0.5,0.5,0,0.328,提升,达标
6W_协同_尺寸标注显隐_裁剪框编辑,打开注释裁剪框,0.15,绝对值,0.2,0.5,0.5,0,0.141,提升,达标
6W_协同_尺寸标注显隐_裁剪框编辑,裁剪框夹点拖拽,0.21,绝对值,0.3,1.5,0.5,0,0.188,提升,达标
6W_协同_尺寸标注显隐_裁剪框编辑,拖拽移动柱,0.4,绝对值,0.5,0.1,0.5,0,0.406,正常,达标
6W_协同_尺寸标注显隐_裁剪框编辑,移动命令移动柱,0.39,绝对值,0.5,0.1,0.5,0,0.344,提升,达标
6W_协同_DWG转化_三维视图剖切框,DWG转化,5.0,百分比,0.2,33,15,0,5.047,正常,达标
6W_协同_DWG转化_三维视图剖切框,三维视图显示剖切框,0.35,百分比,0.2,4,5,0,0.218,提升,达标
6W_协同_DWG转化_三维视图剖切框,三维视图拖拽剖切框裁剪,0.3,百分比,0.2,2,3,0,0.313,正常,达标
6W_协同_结构视口编辑,创建图纸,0.5,百分比,0.2,0.1,0.5,0,0.532,正常,不达标
6W_协同_结构视口编辑,放置视口,6.0,百分比,0.2,3,4,0,3.813,提升,达标
6W_协同_结构视口编辑,移动视口,0.2,百分比,0.2,0.1,0.5,0,0.109,提升,达标
6W_协同_结构视口编辑,删除视口,0.35,百分比,0.2,0.1,0.5,0,0.25,提升,达标
6W_协同_结构多段线夹点选择,选中1000夹点多段线,0.4,百分比,0.2,0.1,0.5,0,0.11,提升,达标